Species,Parameter,mean,CI.2.5,CI.97.5
Acadian Flycatcher,Interior Forest,0.3093334985517311,-1.1260635633538931,2.013389246889765
American Goldfinch,Interior Forest,5.090097442869982,2.3166895510137273,9.1941015636682
American Robin,Interior Forest,5.103478320140734,2.222021281259165,9.035835550859773
Black and white Warbler,Interior Forest,4.7991890988623105,2.0374912155713165,8.938526473905743
Blue Grosbeak,Interior Forest,2.550375599497619,0.7560591943358639,5.08585902800813
Blue Jay,Interior Forest,3.5107763931945395,1.5407770008222934,6.012988479391496
Blue gray Gnatcatcher,Interior Forest,3.5910639555235266,1.3380256449902153,7.316286610613268
Brown Thrasher,Interior Forest,2.1968586643107733,0.6504313574763164,4.137635297960559
Brown headed Cowbird,Interior Forest,5.112672091507865,2.2819642101877124,8.93990450028961
Brown headed Nuthatch,Interior Forest,-0.9340545581527461,-2.2746180665423887,0.2601277933797892
Carolina Chickadee,Interior Forest,5.0466776973254275,2.2536095087709143,9.106306904918318
Carolina Wren,Interior Forest,3.206883950953587,1.2393197547625303,5.744834991381487
Chipping Sparrow,Interior Forest,5.1122496894322405,2.2684475674180637,9.179440806564072
Chuck wills widow,Interior Forest,3.267369213446973,1.2500961697170179,6.073037160584405
Common Yellowthroat,Interior Forest,1.753948881388924,0.41395921990821827,3.330307110348288
Downy Woodpecker,Interior Forest,5.110654619193825,2.224795097882862,9.172907811396772
Eastern Bluebird,Interior Forest,5.1146732673994375,2.230322387327452,9.141029108800115
Eastern Kingbird,Interior Forest,-0.12836673650764363,-1.8114391391005655,1.9200428340904787
Eastern Towhee,Interior Forest,5.074856646029216,2.249930378597254,9.07046233632071
Eastern Wood Pewee,Interior Forest,3.194507581691952,1.251817543726183,5.742623134302793
Field Sparrow,Interior Forest,0.6729372807111123,-0.5653062975730537,2.054338147738416
Gray Catbird,Interior Forest,3.510241738014204,1.529660568172021,6.105306301620839
Great Crested Flycatcher,Interior Forest,5.123970772713333,2.190838800193631,9.132491342550708
Hairy Woodpecker,Interior Forest,3.1992663726892006,1.2536091774049754,5.718762929084984
Hooded Warbler,Interior Forest,4.051978106829007,1.811198218487886,7.011679410809185
Indigo Bunting,Interior Forest,-1.0017725251966831,-2.5068600703118613,0.4799527068422702
Mourning Dove,Interior Forest,5.145239864748666,2.255528347528689,9.298917551940766
Northern Bobwhite,Interior Forest,5.104234792539198,2.2213808866930975,9.217006350120215
Northern Cardinal,Interior Forest,5.134921034106872,2.1994635600375743,9.275733101824965
Northern Flicker,Interior Forest,5.1103007972703525,2.2425759890777983,9.063070355929943
Northern Mockingbird,Interior Forest,-1.8316622643979719,-3.5233934416186514,-0.22006121513408675
Ovenbird,Interior Forest,5.117983423028054,2.2200349912472555,9.28244972587419
Pileated Woodpecker,Interior Forest,2.15492438547277,0.6664148488304596,3.9658326966910935
Pine Warbler,Interior Forest,5.092811494618035,2.299281141299515,8.965677149908505
Prairie Warbler,Interior Forest,5.089556642114462,2.255906943384876,9.15686537354326
Red bellied Woodpecker,Interior Forest,2.6308461115573856,0.78915027420621,5.110826293331777
Red eyed Vireo,Interior Forest,2.761233396342034,1.0437659903028522,4.903482744689611
Ruby throated Hummingbird,Interior Forest,4.054814875005131,1.8487462084872806,7.156787304349225
Summer Tanager,Interior Forest,0.6607471692292932,-0.5865345492857972,2.023636164764786
Tufted Titmouse,Interior Forest,0.8984516044105307,-0.3985516929174617,2.5252347695014676
White breasted Nuthatch,Interior Forest,0.8232085224844948,-2.3727298317206005,6.319659336333793
White eyed Vireo,Interior Forest,3.2868041610228635,1.3925031332231042,5.833809380630276
Wild Turkey,Interior Forest,1.2746409427697516,-0.1012893702884307,2.9939736518266034
Wood Thrush,Interior Forest,1.6855439226977118,0.25937863305194875,3.4390528237101576
Yellow billed Cuckoo,Interior Forest,-0.29203203999444055,-1.506387368417273,0.8886114803193829
Yellow breasted Chat,Interior Forest,2.0444692466241063,0.45962960366956906,4.292742173421509
Yellow throated Warbler,Interior Forest,0.9644079101324353,-0.35944185083999436,2.5690701408670233
Acadian Flycatcher,Reference Edge,2.0859876963499673,0.29527846982949973,4.900028552073876
American Goldfinch,Reference Edge,1.5110910179031551,-0.787323268573427,4.508307193498204
American Robin,Reference Edge,1.456360491083365,-0.8028398009877338,4.3299205357297605
Black and white Warbler,Reference Edge,1.5083352751619288,-0.7703232110227445,4.478011146869426
Blue Grosbeak,Reference Edge,1.7549629993915603,-0.15459948422714154,4.631264738934763
Blue Jay,Reference Edge,1.5774989510984312,-0.5374819320067139,4.5182339433777745
Blue gray Gnatcatcher,Reference Edge,1.6241176956964607,-0.49194404048511603,4.619819156378975
Brown Thrasher,Reference Edge,1.7896517296783176,-0.1542272497223593,4.628860768203388
Brown headed Cowbird,Reference Edge,1.466494716260941,-0.9180734844965113,4.29201939080109
Brown headed Nuthatch,Reference Edge,1.4565818313424788,0.052225583746359466,3.1711688462801524
Carolina Chickadee,Reference Edge,1.4859798721226574,-0.8198287477977977,4.477888167049633
Carolina Wren,Reference Edge,1.6548910473683625,-0.42088635828721366,4.682307077182067
Chipping Sparrow,Reference Edge,1.5047452263754955,-0.8979195783996804,4.480263005576557
Chuck wills widow,Reference Edge,1.6241096392791983,-0.459833574208895,4.510484858849167
Common Yellowthroat,Reference Edge,1.0279636646823687,-0.8189460308582568,2.8643364614677322
Downy Woodpecker,Reference Edge,1.472642042498439,-0.7828649731752892,4.3614909290152815
Eastern Bluebird,Reference Edge,1.4975145083271724,-0.7906765492400862,4.593925533459132
Eastern Kingbird,Reference Edge,2.5790348538652514,0.6412001592558273,5.526588261154751
Eastern Towhee,Reference Edge,1.48701818463726,-0.8931638760747009,4.526712496102504
Eastern Wood Pewee,Reference Edge,1.662222457387956,-0.4001275398036176,4.593906897365712
Field Sparrow,Reference Edge,2.260563417823254,0.4390327685669033,5.139229825512845
Gray Catbird,Reference Edge,1.6048703631658674,-0.5032233884255544,4.387853248409264
Great Crested Flycatcher,Reference Edge,1.477993682341429,-0.8722303142929629,4.407484367824263
Hairy Woodpecker,Reference Edge,1.6448485704842126,-0.45399233263320665,4.547819186018752
Hooded Warbler,Reference Edge,1.5253889085864474,-0.5933304615347843,4.464242971808581
Indigo Bunting,Reference Edge,1.6222557440550007,0.05384223120690692,3.6729099627055035
Mourning Dove,Reference Edge,1.477169767151705,-0.8574996697760052,4.417872444359075
Northern Bobwhite,Reference Edge,1.4559094425067984,-0.8194121072947104,4.462961071594884
Northern Cardinal,Reference Edge,1.4854961140660115,-0.7861920003158979,4.49020943549054
Northern Flicker,Reference Edge,1.4680452329570968,-0.848090001337625,4.3489428193902695
Northern Mockingbird,Reference Edge,0.6180294141886159,-1.4117878373322483,2.2883292013998457
Ovenbird,Reference Edge,1.4768613090926253,-0.893929661497435,4.33967669835485
Pileated Woodpecker,Reference Edge,0.40065983759004187,-1.797826918312446,2.23817491878645
Pine Warbler,Reference Edge,1.4980462028661015,-0.8620016244862806,4.496942967086075
Prairie Warbler,Reference Edge,1.4587586865551778,-0.7488909269009633,4.284433207940884
Red bellied Woodpecker,Reference Edge,1.1903737097795277,-1.057365482758653,3.8625429599881027
Red eyed Vireo,Reference Edge,1.6807581477345714,-0.3048165750222807,4.670115027588922
Ruby throated Hummingbird,Reference Edge,1.5416868584922445,-0.6285784190310454,4.544676398387426
Summer Tanager,Reference Edge,1.3899550823211086,-0.25857652649732116,3.3971918921802895
Tufted Titmouse,Reference Edge,1.151225215485305,-0.6259389261748338,3.31409588984559
White breasted Nuthatch,Reference Edge,1.1526162549190226,-1.2712689017106462,3.994553654170805
White eyed Vireo,Reference Edge,1.6338922498824064,-0.502941540184137,4.732749097284184
Wild Turkey,Reference Edge,1.4408532575356516,-0.31679781525796413,3.878781310207075
Wood Thrush,Reference Edge,0.07219877008508521,-2.160170823063444,1.7605372054035318
Yellow billed Cuckoo,Reference Edge,0.6426682155270053,-1.0068783307106115,2.076876610862826
Yellow breasted Chat,Reference Edge,0.3604827198290548,-2.013801526994608,2.7967376686547203
Yellow throated Warbler,Reference Edge,0.30289659744134495,-1.6774851592032365,1.944148094380265
Acadian Flycatcher,Turbine,0.15667984312034278,-1.7456936905999743,2.0464491068851065
American Goldfinch,Turbine,1.272848652719036,-2.340908555767959,5.672743120917189
American Robin,Turbine,1.274228606086088,-2.3940777859095834,5.899400959782977
Black and white Warbler,Turbine,0.7876595543713638,-2.9728504546898575,5.36841699358263
Blue Grosbeak,Turbine,2.2484095044842594,-0.7639245809812734,6.466332782361479
Blue Jay,Turbine,-1.603507321579393,-4.31856779472665,0.7285165924414008
Blue gray Gnatcatcher,Turbine,1.8353811784324188,-1.545720723585785,6.186520785256401
Brown Thrasher,Turbine,2.412507205671556,-0.4389724001253854,6.441007712809278
Brown headed Cowbird,Turbine,1.2491447492734784,-2.311768076076912,5.658873452058993
Brown headed Nuthatch,Turbine,-0.4645557266879196,-2.1714211922825832,1.2226242282880546
Carolina Chickadee,Turbine,1.2656415595601636,-2.381651592830901,5.8349089154272225
Carolina Wren,Turbine,1.9150144961778721,-1.222632354480557,6.100052042921381
Chipping Sparrow,Turbine,1.3000403475328621,-2.3089250422424756,5.957602618380577
Chuck wills widow,Turbine,1.8842934645037708,-1.335903241942014,6.073321587593823
Common Yellowthroat,Turbine,2.6404054463014903,-0.05449186291676235,6.567237840721457
Downy Woodpecker,Turbine,1.2801531061620255,-2.257006895776113,5.748385459635065
Eastern Bluebird,Turbine,1.325493473413057,-2.2913907305857073,5.68680879756198
Eastern Kingbird,Turbine,1.1761823604323047,-0.9238189495506842,4.014657276971223
Eastern Towhee,Turbine,1.2766376451381047,-2.3690645191048154,5.7965436021887395
Eastern Wood Pewee,Turbine,1.9062534752094462,-1.2408907475544049,6.129462229355325
Field Sparrow,Turbine,3.290676652301271,0.660272690424149,7.047526853739135
Gray Catbird,Turbine,-1.6185705571559783,-4.384237604114055,0.6990633022293293
Great Crested Flycatcher,Turbine,1.297102315216147,-2.393109595518483,5.890949985544056
Hairy Woodpecker,Turbine,1.9263461832102526,-1.2504976769842087,6.168415155916491
Hooded Warbler,Turbine,-0.5090657339636423,-3.5704627414562653,2.3959999038640434
Indigo Bunting,Turbine,1.333683012251347,-0.4170385261583788,3.359475385347762
Mourning Dove,Turbine,1.3384281334419335,-2.2432780181195886,5.819237111550228
Northern Bobwhite,Turbine,1.2837960969634896,-2.419710560748447,5.832613700076222
Northern Cardinal,Turbine,1.2365066425998286,-2.3832684925316863,5.766740090778947
Northern Flicker,Turbine,1.341322755817862,-2.312519312959061,5.87096248413054
Northern Mockingbird,Turbine,0.531452646356686,-1.379955765868365,2.4983843452866425
Ovenbird,Turbine,1.269086860692692,-2.2925170051312462,5.641486582866466
Pileated Woodpecker,Turbine,-1.6803084440546392,-3.77846189209626,0.1315303669674853
Pine Warbler,Turbine,1.282344652822779,-2.263782722345815,5.764547506196342
Prairie Warbler,Turbine,1.316056548044669,-2.259662711488765,5.924516422886645
Red bellied Woodpecker,Turbine,-1.3683209070206517,-3.893043304229418,0.858150646176789
Red eyed Vireo,Turbine,0.43452241426722454,-2.0771433489870947,3.063258958549228
Ruby throated Hummingbird,Turbine,-0.40404168649490746,-3.5052371712463053,2.718786790846031
Summer Tanager,Turbine,-0.2092017623595157,-1.8637523644206089,1.4287856128585599
Tufted Titmouse,Turbine,-0.7846560881259121,-2.5922223426518034,0.8690322166753585
White breasted Nuthatch,Turbine,-1.6825700381548017,-6.133428083652534,3.201910115958565
White eyed Vireo,Turbine,-2.2348134712028975,-4.954180312370582,-0.06554115584469987
Wild Turkey,Turbine,-2.617927137779367,-4.808242163479406,-0.7705250984303775
Wood Thrush,Turbine,-2.589238246469603,-4.666515299920265,-0.8594788604641994
Yellow billed Cuckoo,Turbine,-0.16377112339142336,-1.7344130370476836,1.3536552444423584
Yellow breasted Chat,Turbine,-2.302885801114745,-4.627616086470377,-0.31170353778438303
Yellow throated Warbler,Turbine,2.354816523170784,-0.05957738520834755,6.150457017370246
Acadian Flycatcher,Days Deployed,-0.2115779353978144,-0.9682503803019606,0.4147625360345026
American Goldfinch,Days Deployed,-0.04043038305336884,-0.8470771436195789,0.7667881311375819
American Robin,Days Deployed,-0.035931541814162214,-0.8293962933541088,0.7789117839908741
Black and white Warbler,Days Deployed,-0.024750766624405753,-0.8216523471592602,0.8040847052144438
Blue Grosbeak,Days Deployed,0.1817063306853978,-0.5242524205377891,1.00490515127806
Blue Jay,Days Deployed,-0.03522773349877559,-0.738645260778795,0.6720789668916073
Blue gray Gnatcatcher,Days Deployed,0.10403113075093191,-0.6273605756355651,0.9475946919331508
Brown Thrasher,Days Deployed,-0.08631108651283001,-0.833277627053551,0.6130834054771043
Brown headed Cowbird,Days Deployed,-0.04586182662840159,-0.842690118373958,0.7427632835016115
Brown headed Nuthatch,Days Deployed,0.024650788513690416,-0.5811094150857247,0.6498298540221769
Carolina Chickadee,Days Deployed,-0.028685853048281824,-0.8304234537553009,0.7846563750811306
Carolina Wren,Days Deployed,0.04273767208657279,-0.7086239023396638,0.8535591041477455
Chipping Sparrow,Days Deployed,-0.04240267482271924,-0.8528392739293911,0.7794514003904415
Chuck wills widow,Days Deployed,0.038321110893014154,-0.6993921418867084,0.8226890252487584
Common Yellowthroat,Days Deployed,-0.11307199903764577,-0.8500972808520156,0.5589850770248284
Downy Woodpecker,Days Deployed,-0.041738797549713824,-0.8424149952320933,0.7739588890029502
Eastern Bluebird,Days Deployed,-0.04224654978536824,-0.8611348574375073,0.7639265151883909
Eastern Kingbird,Days Deployed,0.04179875803925347,-0.6884723371369099,0.7650812746428431
Eastern Towhee,Days Deployed,-0.036621684602159366,-0.8349501561606083,0.785311440074548
Eastern Wood Pewee,Days Deployed,0.031955061660167476,-0.7123627892469598,0.8071157445461586
Field Sparrow,Days Deployed,0.2547422946228511,-0.3619124383071665,1.0168839086813646
Gray Catbird,Days Deployed,-0.1264243744664892,-0.8852845312029337,0.5646683174407126
Great Crested Flycatcher,Days Deployed,-0.04600982591115871,-0.8539999712734206,0.7397037063022788
Hairy Woodpecker,Days Deployed,0.045272248107190056,-0.6916818434038756,0.8351309555537105
Hooded Warbler,Days Deployed,0.023383162710161835,-0.7183397307619899,0.824090716599627
Indigo Bunting,Days Deployed,-0.12371865902022659,-0.7870683337824231,0.5036204803442034
Mourning Dove,Days Deployed,-0.03680110666400599,-0.8678195326516875,0.7517101147374173
Northern Bobwhite,Days Deployed,-0.04570218453676297,-0.8845165542395823,0.7600519644971608
Northern Cardinal,Days Deployed,-0.04207258170410077,-0.8667961410585072,0.7627890252042152
Northern Flicker,Days Deployed,-0.042873078169800204,-0.865544821543672,0.7446639910711333
Northern Mockingbird,Days Deployed,-0.21048824440069358,-0.8997650176818022,0.39011575817033006
Ovenbird,Days Deployed,-0.04426821039724866,-0.8487071448121237,0.7437261239132542
Pileated Woodpecker,Days Deployed,0.08643994010721245,-0.5601198387564638,0.7367653472794156
Pine Warbler,Days Deployed,-0.04226913797686708,-0.8697914494258104,0.7499111219944159
Prairie Warbler,Days Deployed,-0.03630696107771068,-0.8464498511633727,0.746846644552172
Red bellied Woodpecker,Days Deployed,0.027234303394142543,-0.6608469594982137,0.7036815824873583
Red eyed Vireo,Days Deployed,-0.09447605952833774,-0.8483022663670586,0.6066313834085784
Ruby throated Hummingbird,Days Deployed,-0.07384718700850657,-0.8375869672894289,0.6784621535988806
Summer Tanager,Days Deployed,-0.22951409116552562,-0.9253024313954887,0.37684437651266417
Tufted Titmouse,Days Deployed,-0.47345367180562725,-1.2539968269122796,0.1346934412217342
White breasted Nuthatch,Days Deployed,-0.12440030441740443,-0.930152331641353,0.6220255696062641
White eyed Vireo,Days Deployed,0.043656273258252436,-0.6303682850148911,0.71689784152763
Wild Turkey,Days Deployed,-0.3723739271285162,-1.160655783092335,0.2692928414658762
Wood Thrush,Days Deployed,-0.11232096588684172,-0.747478985545074,0.4819215641292131
Yellow billed Cuckoo,Days Deployed,0.22520285665305723,-0.3526711946592881,0.913211100994793
Yellow breasted Chat,Days Deployed,-0.29727246731165,-1.026220306952646,0.3163871505227771
Yellow throated Warbler,Days Deployed,0.2556036580562213,-0.38358686102727557,1.008774133763321
