Species,Plot,Plot.Type,mean,CI.2.5,CI.97.5
Acadian Flycatcher,IF01,IF,1,1,1
American Goldfinch,IF01,IF,1,1,1
American Robin,IF01,IF,1,1,1
Black-and-white Warbler,IF01,IF,1,1,1
Blue Grosbeak,IF01,IF,1,1,1
Blue Jay,IF01,IF,1,1,1
Blue-gray Gnatcatcher,IF01,IF,1,1,1
Brown Thrasher,IF01,IF,1,1,1
Brown-headed Cowbird,IF01,IF,1,1,1
Brown-headed Nuthatch,IF01,IF,1,1,1
Carolina Chickadee,IF01,IF,1,1,1
Carolina Wren,IF01,IF,1,1,1
Chipping Sparrow,IF01,IF,1,1,1
Chuck-will's-widow,IF01,IF,1,1,1
Common Yellowthroat,IF01,IF,1,1,1
Downy Woodpecker,IF01,IF,1,1,1
Eastern Bluebird,IF01,IF,1,1,1
Eastern Kingbird,IF01,IF,0.1305,0,1
Eastern Towhee,IF01,IF,1,1,1
Eastern Wood-Pewee,IF01,IF,1,1,1
Field Sparrow,IF01,IF,0,0,0
Gray Catbird,IF01,IF,1,1,1
Great Crested Flycatcher,IF01,IF,1,1,1
Hairy Woodpecker,IF01,IF,1,1,1
Hooded Warbler,IF01,IF,1,1,1
Indigo Bunting,IF01,IF,0.04083333333333333,0,1
Mourning Dove,IF01,IF,1,1,1
Northern Bobwhite,IF01,IF,1,1,1
Northern Cardinal,IF01,IF,1,1,1
Northern Flicker,IF01,IF,1,1,1
Northern Mockingbird,IF01,IF,0.028166666666666666,0,1
Ovenbird,IF01,IF,1,1,1
Pileated Woodpecker,IF01,IF,1,1,1
Pine Warbler,IF01,IF,1,1,1
Prairie Warbler,IF01,IF,1,1,1
Red-bellied Woodpecker,IF01,IF,1,1,1
Red-eyed Vireo,IF01,IF,0,0,0
Ruby-throated Hummingbird,IF01,IF,1,1,1
Summer Tanager,IF01,IF,0.04566666666666667,0,1
Tufted Titmouse,IF01,IF,0.08933333333333333,0,1
White-breasted Nuthatch,IF01,IF,0.5118333333333334,0,1
White-eyed Vireo,IF01,IF,1,1,1
Wild Turkey,IF01,IF,1,1,1
Wood Thrush,IF01,IF,1,1,1
Yellow-billed Cuckoo,IF01,IF,0.0035,0,0
Yellow-breasted Chat,IF01,IF,1,1,1
Yellow-throated Warbler,IF01,IF,1,1,1
Acadian Flycatcher,IF02,IF,0.4215,0,1
American Goldfinch,IF02,IF,1,1,1
American Robin,IF02,IF,1,1,1
Black-and-white Warbler,IF02,IF,1,1,1
Blue Grosbeak,IF02,IF,0.3015,0,1
Blue Jay,IF02,IF,1,1,1
Blue-gray Gnatcatcher,IF02,IF,1,1,1
Brown Thrasher,IF02,IF,0,0,0
Brown-headed Cowbird,IF02,IF,1,1,1
Brown-headed Nuthatch,IF02,IF,0.08866666666666667,0,1
Carolina Chickadee,IF02,IF,1,1,1
Carolina Wren,IF02,IF,0.001,0,0
Chipping Sparrow,IF02,IF,1,1,1
Chuck-will's-widow,IF02,IF,0.035166666666666666,0,1
Common Yellowthroat,IF02,IF,0,0,0
Downy Woodpecker,IF02,IF,1,1,1
Eastern Bluebird,IF02,IF,1,1,1
Eastern Kingbird,IF02,IF,0.33316666666666667,0,1
Eastern Towhee,IF02,IF,1,1,1
Eastern Wood-Pewee,IF02,IF,0.001,0,0
Field Sparrow,IF02,IF,0,0,0
Gray Catbird,IF02,IF,1,1,1
Great Crested Flycatcher,IF02,IF,1,1,1
Hairy Woodpecker,IF02,IF,0,0,0
Hooded Warbler,IF02,IF,1,1,1
Indigo Bunting,IF02,IF,0.184,0,1
Mourning Dove,IF02,IF,1,1,1
Northern Bobwhite,IF02,IF,1,1,1
Northern Cardinal,IF02,IF,1,1,1
Northern Flicker,IF02,IF,1,1,1
Northern Mockingbird,IF02,IF,0.10566666666666667,0,1
Ovenbird,IF02,IF,1,1,1
Pileated Woodpecker,IF02,IF,1,1,1
Pine Warbler,IF02,IF,1,1,1
Prairie Warbler,IF02,IF,1,1,1
Red-bellied Woodpecker,IF02,IF,0.6581666666666667,0,1
Red-eyed Vireo,IF02,IF,1,1,1
Ruby-throated Hummingbird,IF02,IF,1,1,1
Summer Tanager,IF02,IF,0.43433333333333335,0,1
Tufted Titmouse,IF02,IF,1,1,1
White-breasted Nuthatch,IF02,IF,0.5638333333333333,0,1
White-eyed Vireo,IF02,IF,1,1,1
Wild Turkey,IF02,IF,1,1,1
Wood Thrush,IF02,IF,1,1,1
Yellow-billed Cuckoo,IF02,IF,1,1,1
Yellow-breasted Chat,IF02,IF,1,1,1
Yellow-throated Warbler,IF02,IF,0.23033333333333333,0,1
Acadian Flycatcher,IF03,IF,0.04666666666666667,0,1
American Goldfinch,IF03,IF,1,1,1
American Robin,IF03,IF,1,1,1
Black-and-white Warbler,IF03,IF,1,1,1
Blue Grosbeak,IF03,IF,1,1,1
Blue Jay,IF03,IF,1,1,1
Blue-gray Gnatcatcher,IF03,IF,1,1,1
Brown Thrasher,IF03,IF,0,0,0
Brown-headed Cowbird,IF03,IF,1,1,1
Brown-headed Nuthatch,IF03,IF,6.666666666666666e-4,0,0
Carolina Chickadee,IF03,IF,1,1,1
Carolina Wren,IF03,IF,1,1,1
Chipping Sparrow,IF03,IF,1,1,1
Chuck-will's-widow,IF03,IF,1,1,1
Common Yellowthroat,IF03,IF,1,1,1
Downy Woodpecker,IF03,IF,1,1,1
Eastern Bluebird,IF03,IF,1,1,1
Eastern Kingbird,IF03,IF,0.0975,0,1
Eastern Towhee,IF03,IF,1,1,1
Eastern Wood-Pewee,IF03,IF,1,1,1
Field Sparrow,IF03,IF,1,1,1
Gray Catbird,IF03,IF,1,1,1
Great Crested Flycatcher,IF03,IF,1,1,1
Hairy Woodpecker,IF03,IF,1,1,1
Hooded Warbler,IF03,IF,1,1,1
Indigo Bunting,IF03,IF,0.021,0,0
Mourning Dove,IF03,IF,1,1,1
Northern Bobwhite,IF03,IF,1,1,1
Northern Cardinal,IF03,IF,1,1,1
Northern Flicker,IF03,IF,1,1,1
Northern Mockingbird,IF03,IF,0.017,0,0
Ovenbird,IF03,IF,1,1,1
Pileated Woodpecker,IF03,IF,1,1,1
Pine Warbler,IF03,IF,1,1,1
Prairie Warbler,IF03,IF,1,1,1
Red-bellied Woodpecker,IF03,IF,1,1,1
Red-eyed Vireo,IF03,IF,1,1,1
Ruby-throated Hummingbird,IF03,IF,1,1,1
Summer Tanager,IF03,IF,0.012166666666666666,0,0
Tufted Titmouse,IF03,IF,0.069,0,1
White-breasted Nuthatch,IF03,IF,0.4766666666666667,0,1
White-eyed Vireo,IF03,IF,1,1,1
Wild Turkey,IF03,IF,0.07233333333333333,0,1
Wood Thrush,IF03,IF,1,1,1
Yellow-billed Cuckoo,IF03,IF,1,1,1
Yellow-breasted Chat,IF03,IF,1,1,1
Yellow-throated Warbler,IF03,IF,1,1,1
Acadian Flycatcher,IF04,IF,0.31033333333333335,0,1
American Goldfinch,IF04,IF,1,1,1
American Robin,IF04,IF,1,1,1
Black-and-white Warbler,IF04,IF,1,1,1
Blue Grosbeak,IF04,IF,0.009166666666666667,0,0
Blue Jay,IF04,IF,1,1,1
Blue-gray Gnatcatcher,IF04,IF,0.19466666666666665,0,1
Brown Thrasher,IF04,IF,1,1,1
Brown-headed Cowbird,IF04,IF,1,1,1
Brown-headed Nuthatch,IF04,IF,0.021,0,0
Carolina Chickadee,IF04,IF,1,1,1
Carolina Wren,IF04,IF,1,1,1
Chipping Sparrow,IF04,IF,1,1,1
Chuck-will's-widow,IF04,IF,1,1,1
Common Yellowthroat,IF04,IF,1,1,1
Downy Woodpecker,IF04,IF,1,1,1
Eastern Bluebird,IF04,IF,1,1,1
Eastern Kingbird,IF04,IF,0.23183333333333334,0,1
Eastern Towhee,IF04,IF,1,1,1
Eastern Wood-Pewee,IF04,IF,1,1,1
Field Sparrow,IF04,IF,0,0,0
Gray Catbird,IF04,IF,1,1,1
Great Crested Flycatcher,IF04,IF,1,1,1
Hairy Woodpecker,IF04,IF,1,1,1
Hooded Warbler,IF04,IF,1,1,1
Indigo Bunting,IF04,IF,0.112,0,1
Mourning Dove,IF04,IF,1,1,1
Northern Bobwhite,IF04,IF,1,1,1
Northern Cardinal,IF04,IF,1,1,1
Northern Flicker,IF04,IF,1,1,1
Northern Mockingbird,IF04,IF,0.0775,0,1
Ovenbird,IF04,IF,1,1,1
Pileated Woodpecker,IF04,IF,1,1,1
Pine Warbler,IF04,IF,1,1,1
Prairie Warbler,IF04,IF,1,1,1
Red-bellied Woodpecker,IF04,IF,1,1,1
Red-eyed Vireo,IF04,IF,1,1,1
Ruby-throated Hummingbird,IF04,IF,1,1,1
Summer Tanager,IF04,IF,1,1,1
Tufted Titmouse,IF04,IF,1,1,1
White-breasted Nuthatch,IF04,IF,0.566,0,1
White-eyed Vireo,IF04,IF,1,1,1
Wild Turkey,IF04,IF,1,1,1
Wood Thrush,IF04,IF,1,1,1
Yellow-billed Cuckoo,IF04,IF,0.007666666666666666,0,0
Yellow-breasted Chat,IF04,IF,1,1,1
Yellow-throated Warbler,IF04,IF,0.02666666666666667,0,1
Acadian Flycatcher,IF05,IF,0.14616666666666667,0,1
American Goldfinch,IF05,IF,1,1,1
American Robin,IF05,IF,1,1,1
Black-and-white Warbler,IF05,IF,1,1,1
Blue Grosbeak,IF05,IF,1,1,1
Blue Jay,IF05,IF,1,1,1
Blue-gray Gnatcatcher,IF05,IF,1,1,1
Brown Thrasher,IF05,IF,1,1,1
Brown-headed Cowbird,IF05,IF,1,1,1
Brown-headed Nuthatch,IF05,IF,0.015166666666666667,0,0
Carolina Chickadee,IF05,IF,1,1,1
Carolina Wren,IF05,IF,1,1,1
Chipping Sparrow,IF05,IF,1,1,1
Chuck-will's-widow,IF05,IF,1,1,1
Common Yellowthroat,IF05,IF,1,1,1
Downy Woodpecker,IF05,IF,1,1,1
Eastern Bluebird,IF05,IF,1,1,1
Eastern Kingbird,IF05,IF,1,1,1
Eastern Towhee,IF05,IF,1,1,1
Eastern Wood-Pewee,IF05,IF,1,1,1
Field Sparrow,IF05,IF,0,0,0
Gray Catbird,IF05,IF,1,1,1
Great Crested Flycatcher,IF05,IF,1,1,1
Hairy Woodpecker,IF05,IF,1,1,1
Hooded Warbler,IF05,IF,1,1,1
Indigo Bunting,IF05,IF,0.08083333333333333,0,1
Mourning Dove,IF05,IF,1,1,1
Northern Bobwhite,IF05,IF,1,1,1
Northern Cardinal,IF05,IF,1,1,1
Northern Flicker,IF05,IF,1,1,1
Northern Mockingbird,IF05,IF,0.035166666666666666,0,1
Ovenbird,IF05,IF,1,1,1
Pileated Woodpecker,IF05,IF,1,1,1
Pine Warbler,IF05,IF,1,1,1
Prairie Warbler,IF05,IF,1,1,1
Red-bellied Woodpecker,IF05,IF,1,1,1
Red-eyed Vireo,IF05,IF,1,1,1
Ruby-throated Hummingbird,IF05,IF,1,1,1
Summer Tanager,IF05,IF,1,1,1
Tufted Titmouse,IF05,IF,0.15016666666666667,0,1
White-breasted Nuthatch,IF05,IF,0.5075,0,1
White-eyed Vireo,IF05,IF,1,1,1
Wild Turkey,IF05,IF,1,1,1
Wood Thrush,IF05,IF,1,1,1
Yellow-billed Cuckoo,IF05,IF,1,1,1
Yellow-breasted Chat,IF05,IF,1,1,1
Yellow-throated Warbler,IF05,IF,1,1,1
Acadian Flycatcher,IF06,IF,0.06633333333333333,0,1
American Goldfinch,IF06,IF,1,1,1
American Robin,IF06,IF,1,1,1
Black-and-white Warbler,IF06,IF,1,1,1
Blue Grosbeak,IF06,IF,1,1,1
Blue Jay,IF06,IF,1,1,1
Blue-gray Gnatcatcher,IF06,IF,1,1,1
Brown Thrasher,IF06,IF,1,1,1
Brown-headed Cowbird,IF06,IF,1,1,1
Brown-headed Nuthatch,IF06,IF,0.002,0,0
Carolina Chickadee,IF06,IF,1,1,1
Carolina Wren,IF06,IF,1,1,1
Chipping Sparrow,IF06,IF,1,1,1
Chuck-will's-widow,IF06,IF,1,1,1
Common Yellowthroat,IF06,IF,1,1,1
Downy Woodpecker,IF06,IF,1,1,1
Eastern Bluebird,IF06,IF,1,1,1
Eastern Kingbird,IF06,IF,0.10933333333333334,0,1
Eastern Towhee,IF06,IF,1,1,1
Eastern Wood-Pewee,IF06,IF,1,1,1
Field Sparrow,IF06,IF,1,1,1
Gray Catbird,IF06,IF,1,1,1
Great Crested Flycatcher,IF06,IF,1,1,1
Hairy Woodpecker,IF06,IF,1,1,1
Hooded Warbler,IF06,IF,1,1,1
Indigo Bunting,IF06,IF,0.028,0,1
Mourning Dove,IF06,IF,1,1,1
Northern Bobwhite,IF06,IF,1,1,1
Northern Cardinal,IF06,IF,1,1,1
Northern Flicker,IF06,IF,1,1,1
Northern Mockingbird,IF06,IF,0.019166666666666665,0,0
Ovenbird,IF06,IF,1,1,1
Pileated Woodpecker,IF06,IF,1,1,1
Pine Warbler,IF06,IF,1,1,1
Prairie Warbler,IF06,IF,1,1,1
Red-bellied Woodpecker,IF06,IF,1,1,1
Red-eyed Vireo,IF06,IF,1,1,1
Ruby-throated Hummingbird,IF06,IF,1,1,1
Summer Tanager,IF06,IF,1,1,1
Tufted Titmouse,IF06,IF,1,1,1
White-breasted Nuthatch,IF06,IF,0.4875,0,1
White-eyed Vireo,IF06,IF,1,1,1
Wild Turkey,IF06,IF,1,1,1
Wood Thrush,IF06,IF,1,1,1
Yellow-billed Cuckoo,IF06,IF,0.005166666666666667,0,0
Yellow-breasted Chat,IF06,IF,1,1,1
Yellow-throated Warbler,IF06,IF,1,1,1
Acadian Flycatcher,IF07,IF,1,1,1
American Goldfinch,IF07,IF,1,1,1
American Robin,IF07,IF,1,1,1
Black-and-white Warbler,IF07,IF,1,1,1
Blue Grosbeak,IF07,IF,1,1,1
Blue Jay,IF07,IF,1,1,1
Blue-gray Gnatcatcher,IF07,IF,1,1,1
Brown Thrasher,IF07,IF,1,1,1
Brown-headed Cowbird,IF07,IF,1,1,1
Brown-headed Nuthatch,IF07,IF,1,1,1
Carolina Chickadee,IF07,IF,1,1,1
Carolina Wren,IF07,IF,1,1,1
Chipping Sparrow,IF07,IF,1,1,1
Chuck-will's-widow,IF07,IF,1,1,1
Common Yellowthroat,IF07,IF,1,1,1
Downy Woodpecker,IF07,IF,1,1,1
Eastern Bluebird,IF07,IF,1,1,1
Eastern Kingbird,IF07,IF,0.35633333333333334,0,1
Eastern Towhee,IF07,IF,1,1,1
Eastern Wood-Pewee,IF07,IF,1,1,1
Field Sparrow,IF07,IF,0,0,0
Gray Catbird,IF07,IF,1,1,1
Great Crested Flycatcher,IF07,IF,1,1,1
Hairy Woodpecker,IF07,IF,1,1,1
Hooded Warbler,IF07,IF,1,1,1
Indigo Bunting,IF07,IF,1,1,1
Mourning Dove,IF07,IF,1,1,1
Northern Bobwhite,IF07,IF,1,1,1
Northern Cardinal,IF07,IF,1,1,1
Northern Flicker,IF07,IF,1,1,1
Northern Mockingbird,IF07,IF,1,1,1
Ovenbird,IF07,IF,1,1,1
Pileated Woodpecker,IF07,IF,1,1,1
Pine Warbler,IF07,IF,1,1,1
Prairie Warbler,IF07,IF,1,1,1
Red-bellied Woodpecker,IF07,IF,1,1,1
Red-eyed Vireo,IF07,IF,1,1,1
Ruby-throated Hummingbird,IF07,IF,1,1,1
Summer Tanager,IF07,IF,1,1,1
Tufted Titmouse,IF07,IF,1,1,1
White-breasted Nuthatch,IF07,IF,1,1,1
White-eyed Vireo,IF07,IF,1,1,1
Wild Turkey,IF07,IF,1,1,1
Wood Thrush,IF07,IF,1,1,1
Yellow-billed Cuckoo,IF07,IF,0.13483333333333333,0,1
Yellow-breasted Chat,IF07,IF,1,1,1
Yellow-throated Warbler,IF07,IF,0.18883333333333333,0,1
Acadian Flycatcher,IF08,IF,1,1,1
American Goldfinch,IF08,IF,1,1,1
American Robin,IF08,IF,1,1,1
Black-and-white Warbler,IF08,IF,1,1,1
Blue Grosbeak,IF08,IF,1,1,1
Blue Jay,IF08,IF,1,1,1
Blue-gray Gnatcatcher,IF08,IF,1,1,1
Brown Thrasher,IF08,IF,1,1,1
Brown-headed Cowbird,IF08,IF,1,1,1
Brown-headed Nuthatch,IF08,IF,0.001,0,0
Carolina Chickadee,IF08,IF,1,1,1
Carolina Wren,IF08,IF,1,1,1
Chipping Sparrow,IF08,IF,1,1,1
Chuck-will's-widow,IF08,IF,1,1,1
Common Yellowthroat,IF08,IF,1,1,1
Downy Woodpecker,IF08,IF,1,1,1
Eastern Bluebird,IF08,IF,1,1,1
Eastern Kingbird,IF08,IF,0.08716666666666667,0,1
Eastern Towhee,IF08,IF,1,1,1
Eastern Wood-Pewee,IF08,IF,1,1,1
Field Sparrow,IF08,IF,1,1,1
Gray Catbird,IF08,IF,1,1,1
Great Crested Flycatcher,IF08,IF,1,1,1
Hairy Woodpecker,IF08,IF,1,1,1
Hooded Warbler,IF08,IF,1,1,1
Indigo Bunting,IF08,IF,0.028166666666666666,0,1
Mourning Dove,IF08,IF,1,1,1
Northern Bobwhite,IF08,IF,1,1,1
Northern Cardinal,IF08,IF,1,1,1
Northern Flicker,IF08,IF,1,1,1
Northern Mockingbird,IF08,IF,0.016666666666666666,0,0
Ovenbird,IF08,IF,1,1,1
Pileated Woodpecker,IF08,IF,1,1,1
Pine Warbler,IF08,IF,1,1,1
Prairie Warbler,IF08,IF,1,1,1
Red-bellied Woodpecker,IF08,IF,1,1,1
Red-eyed Vireo,IF08,IF,1,1,1
Ruby-throated Hummingbird,IF08,IF,1,1,1
Summer Tanager,IF08,IF,1,1,1
Tufted Titmouse,IF08,IF,1,1,1
White-breasted Nuthatch,IF08,IF,0.4895,0,1
White-eyed Vireo,IF08,IF,1,1,1
Wild Turkey,IF08,IF,0.08416666666666667,0,1
Wood Thrush,IF08,IF,1,1,1
Yellow-billed Cuckoo,IF08,IF,1,1,1
Yellow-breasted Chat,IF08,IF,1,1,1
Yellow-throated Warbler,IF08,IF,1,1,1
Acadian Flycatcher,IF09,IF,0.052333333333333336,0,1
American Goldfinch,IF09,IF,1,1,1
American Robin,IF09,IF,1,1,1
Black-and-white Warbler,IF09,IF,1,1,1
Blue Grosbeak,IF09,IF,1,1,1
Blue Jay,IF09,IF,1,1,1
Blue-gray Gnatcatcher,IF09,IF,1,1,1
Brown Thrasher,IF09,IF,1,1,1
Brown-headed Cowbird,IF09,IF,1,1,1
Brown-headed Nuthatch,IF09,IF,0.0018333333333333333,0,0
Carolina Chickadee,IF09,IF,1,1,1
Carolina Wren,IF09,IF,1,1,1
Chipping Sparrow,IF09,IF,1,1,1
Chuck-will's-widow,IF09,IF,1,1,1
Common Yellowthroat,IF09,IF,0,0,0
Downy Woodpecker,IF09,IF,1,1,1
Eastern Bluebird,IF09,IF,1,1,1
Eastern Kingbird,IF09,IF,0.104,0,1
Eastern Towhee,IF09,IF,1,1,1
Eastern Wood-Pewee,IF09,IF,1,1,1
Field Sparrow,IF09,IF,1,1,1
Gray Catbird,IF09,IF,1,1,1
Great Crested Flycatcher,IF09,IF,1,1,1
Hairy Woodpecker,IF09,IF,1,1,1
Hooded Warbler,IF09,IF,1,1,1
Indigo Bunting,IF09,IF,0.0275,0,1
Mourning Dove,IF09,IF,1,1,1
Northern Bobwhite,IF09,IF,1,1,1
Northern Cardinal,IF09,IF,1,1,1
Northern Flicker,IF09,IF,1,1,1
Northern Mockingbird,IF09,IF,0.017166666666666667,0,0
Ovenbird,IF09,IF,1,1,1
Pileated Woodpecker,IF09,IF,1,1,1
Pine Warbler,IF09,IF,1,1,1
Prairie Warbler,IF09,IF,1,1,1
Red-bellied Woodpecker,IF09,IF,1,1,1
Red-eyed Vireo,IF09,IF,1,1,1
Ruby-throated Hummingbird,IF09,IF,1,1,1
Summer Tanager,IF09,IF,0.016,0,0
Tufted Titmouse,IF09,IF,1,1,1
White-breasted Nuthatch,IF09,IF,1,1,1
White-eyed Vireo,IF09,IF,1,1,1
Wild Turkey,IF09,IF,1,1,1
Wood Thrush,IF09,IF,1,1,1
Yellow-billed Cuckoo,IF09,IF,0.004666666666666667,0,0
Yellow-breasted Chat,IF09,IF,1,1,1
Yellow-throated Warbler,IF09,IF,1,1,1
Acadian Flycatcher,RE01,RE,1,1,1
American Goldfinch,RE01,RE,1,1,1
American Robin,RE01,RE,1,1,1
Black-and-white Warbler,RE01,RE,1,1,1
Blue Grosbeak,RE01,RE,1,1,1
Blue Jay,RE01,RE,1,1,1
Blue-gray Gnatcatcher,RE01,RE,1,1,1
Brown Thrasher,RE01,RE,1,1,1
Brown-headed Cowbird,RE01,RE,1,1,1
Brown-headed Nuthatch,RE01,RE,1,1,1
Carolina Chickadee,RE01,RE,1,1,1
Carolina Wren,RE01,RE,1,1,1
Chipping Sparrow,RE01,RE,1,1,1
Chuck-will's-widow,RE01,RE,1,1,1
Common Yellowthroat,RE01,RE,1,1,1
Downy Woodpecker,RE01,RE,1,1,1
Eastern Bluebird,RE01,RE,1,1,1
Eastern Kingbird,RE01,RE,1,1,1
Eastern Towhee,RE01,RE,1,1,1
Eastern Wood-Pewee,RE01,RE,1,1,1
Field Sparrow,RE01,RE,1,1,1
Gray Catbird,RE01,RE,1,1,1
Great Crested Flycatcher,RE01,RE,1,1,1
Hairy Woodpecker,RE01,RE,1,1,1
Hooded Warbler,RE01,RE,1,1,1
Indigo Bunting,RE01,RE,1,1,1
Mourning Dove,RE01,RE,1,1,1
Northern Bobwhite,RE01,RE,1,1,1
Northern Cardinal,RE01,RE,1,1,1
Northern Flicker,RE01,RE,1,1,1
Northern Mockingbird,RE01,RE,0.03383333333333333,0,1
Ovenbird,RE01,RE,1,1,1
Pileated Woodpecker,RE01,RE,0,0,0
Pine Warbler,RE01,RE,1,1,1
Prairie Warbler,RE01,RE,1,1,1
Red-bellied Woodpecker,RE01,RE,1,1,1
Red-eyed Vireo,RE01,RE,1,1,1
Ruby-throated Hummingbird,RE01,RE,1,1,1
Summer Tanager,RE01,RE,1,1,1
Tufted Titmouse,RE01,RE,0.3175,0,1
White-breasted Nuthatch,RE01,RE,1,1,1
White-eyed Vireo,RE01,RE,1,1,1
Wild Turkey,RE01,RE,1,1,1
Wood Thrush,RE01,RE,1,1,1
Yellow-billed Cuckoo,RE01,RE,0.009333333333333334,0,0
Yellow-breasted Chat,RE01,RE,0.30416666666666664,0,1
Yellow-throated Warbler,RE01,RE,1,1,1
Acadian Flycatcher,RE02,RE,0.5388333333333334,0,1
American Goldfinch,RE02,RE,1,1,1
American Robin,RE02,RE,1,1,1
Black-and-white Warbler,RE02,RE,1,1,1
Blue Grosbeak,RE02,RE,1,1,1
Blue Jay,RE02,RE,1,1,1
Blue-gray Gnatcatcher,RE02,RE,1,1,1
Brown Thrasher,RE02,RE,1,1,1
Brown-headed Cowbird,RE02,RE,1,1,1
Brown-headed Nuthatch,RE02,RE,0.021666666666666667,0,0
Carolina Chickadee,RE02,RE,1,1,1
Carolina Wren,RE02,RE,1,1,1
Chipping Sparrow,RE02,RE,1,1,1
Chuck-will's-widow,RE02,RE,1,1,1
Common Yellowthroat,RE02,RE,1,1,1
Downy Woodpecker,RE02,RE,1,1,1
Eastern Bluebird,RE02,RE,1,1,1
Eastern Kingbird,RE02,RE,1,1,1
Eastern Towhee,RE02,RE,1,1,1
Eastern Wood-Pewee,RE02,RE,1,1,1
Field Sparrow,RE02,RE,1,1,1
Gray Catbird,RE02,RE,1,1,1
Great Crested Flycatcher,RE02,RE,1,1,1
Hairy Woodpecker,RE02,RE,1,1,1
Hooded Warbler,RE02,RE,1,1,1
Indigo Bunting,RE02,RE,0.21416666666666667,0,1
Mourning Dove,RE02,RE,1,1,1
Northern Bobwhite,RE02,RE,1,1,1
Northern Cardinal,RE02,RE,1,1,1
Northern Flicker,RE02,RE,1,1,1
Northern Mockingbird,RE02,RE,0.08433333333333333,0,1
Ovenbird,RE02,RE,1,1,1
Pileated Woodpecker,RE02,RE,1,1,1
Pine Warbler,RE02,RE,1,1,1
Prairie Warbler,RE02,RE,1,1,1
Red-bellied Woodpecker,RE02,RE,0.4033333333333333,0,1
Red-eyed Vireo,RE02,RE,1,1,1
Ruby-throated Hummingbird,RE02,RE,1,1,1
Summer Tanager,RE02,RE,1,1,1
Tufted Titmouse,RE02,RE,1,1,1
White-breasted Nuthatch,RE02,RE,0.6626666666666666,0,1
White-eyed Vireo,RE02,RE,1,1,1
Wild Turkey,RE02,RE,1,1,1
Wood Thrush,RE02,RE,1,1,1
Yellow-billed Cuckoo,RE02,RE,0.006333333333333333,0,0
Yellow-breasted Chat,RE02,RE,1,1,1
Yellow-throated Warbler,RE02,RE,1,1,1
Acadian Flycatcher,RE03,RE,1,1,1
American Goldfinch,RE03,RE,1,1,1
American Robin,RE03,RE,1,1,1
Black-and-white Warbler,RE03,RE,1,1,1
Blue Grosbeak,RE03,RE,1,1,1
Blue Jay,RE03,RE,1,1,1
Blue-gray Gnatcatcher,RE03,RE,1,1,1
Brown Thrasher,RE03,RE,1,1,1
Brown-headed Cowbird,RE03,RE,1,1,1
Brown-headed Nuthatch,RE03,RE,1,1,1
Carolina Chickadee,RE03,RE,1,1,1
Carolina Wren,RE03,RE,1,1,1
Chipping Sparrow,RE03,RE,1,1,1
Chuck-will's-widow,RE03,RE,1,1,1
Common Yellowthroat,RE03,RE,0,0,0
Downy Woodpecker,RE03,RE,1,1,1
Eastern Bluebird,RE03,RE,1,1,1
Eastern Kingbird,RE03,RE,1,1,1
Eastern Towhee,RE03,RE,1,1,1
Eastern Wood-Pewee,RE03,RE,1,1,1
Field Sparrow,RE03,RE,1,1,1
Gray Catbird,RE03,RE,1,1,1
Great Crested Flycatcher,RE03,RE,1,1,1
Hairy Woodpecker,RE03,RE,1,1,1
Hooded Warbler,RE03,RE,1,1,1
Indigo Bunting,RE03,RE,0.32183333333333336,0,1
Mourning Dove,RE03,RE,1,1,1
Northern Bobwhite,RE03,RE,1,1,1
Northern Cardinal,RE03,RE,1,1,1
Northern Flicker,RE03,RE,1,1,1
Northern Mockingbird,RE03,RE,0.10716666666666666,0,1
Ovenbird,RE03,RE,1,1,1
Pileated Woodpecker,RE03,RE,1,1,1
Pine Warbler,RE03,RE,1,1,1
Prairie Warbler,RE03,RE,1,1,1
Red-bellied Woodpecker,RE03,RE,1,1,1
Red-eyed Vireo,RE03,RE,1,1,1
Ruby-throated Hummingbird,RE03,RE,1,1,1
Summer Tanager,RE03,RE,1,1,1
Tufted Titmouse,RE03,RE,1,1,1
White-breasted Nuthatch,RE03,RE,0.6726666666666666,0,1
White-eyed Vireo,RE03,RE,1,1,1
Wild Turkey,RE03,RE,1,1,1
Wood Thrush,RE03,RE,1,1,1
Yellow-billed Cuckoo,RE03,RE,1,1,1
Yellow-breasted Chat,RE03,RE,1,1,1
Yellow-throated Warbler,RE03,RE,0.07133333333333333,0,1
Acadian Flycatcher,RE04,RE,1,1,1
American Goldfinch,RE04,RE,1,1,1
American Robin,RE04,RE,1,1,1
Black-and-white Warbler,RE04,RE,1,1,1
Blue Grosbeak,RE04,RE,1,1,1
Blue Jay,RE04,RE,1,1,1
Blue-gray Gnatcatcher,RE04,RE,1,1,1
Brown Thrasher,RE04,RE,1,1,1
Brown-headed Cowbird,RE04,RE,1,1,1
Brown-headed Nuthatch,RE04,RE,1,1,1
Carolina Chickadee,RE04,RE,1,1,1
Carolina Wren,RE04,RE,1,1,1
Chipping Sparrow,RE04,RE,1,1,1
Chuck-will's-widow,RE04,RE,1,1,1
Common Yellowthroat,RE04,RE,1,1,1
Downy Woodpecker,RE04,RE,1,1,1
Eastern Bluebird,RE04,RE,1,1,1
Eastern Kingbird,RE04,RE,1,1,1
Eastern Towhee,RE04,RE,1,1,1
Eastern Wood-Pewee,RE04,RE,1,1,1
Field Sparrow,RE04,RE,1,1,1
Gray Catbird,RE04,RE,1,1,1
Great Crested Flycatcher,RE04,RE,1,1,1
Hairy Woodpecker,RE04,RE,1,1,1
Hooded Warbler,RE04,RE,1,1,1
Indigo Bunting,RE04,RE,0.29233333333333333,0,1
Mourning Dove,RE04,RE,1,1,1
Northern Bobwhite,RE04,RE,1,1,1
Northern Cardinal,RE04,RE,1,1,1
Northern Flicker,RE04,RE,1,1,1
Northern Mockingbird,RE04,RE,0.1125,0,1
Ovenbird,RE04,RE,1,1,1
Pileated Woodpecker,RE04,RE,1,1,1
Pine Warbler,RE04,RE,1,1,1
Prairie Warbler,RE04,RE,1,1,1
Red-bellied Woodpecker,RE04,RE,1,1,1
Red-eyed Vireo,RE04,RE,1,1,1
Ruby-throated Hummingbird,RE04,RE,1,1,1
Summer Tanager,RE04,RE,1,1,1
Tufted Titmouse,RE04,RE,1,1,1
White-breasted Nuthatch,RE04,RE,0.681,0,1
White-eyed Vireo,RE04,RE,1,1,1
Wild Turkey,RE04,RE,1,1,1
Wood Thrush,RE04,RE,1,1,1
Yellow-billed Cuckoo,RE04,RE,1,1,1
Yellow-breasted Chat,RE04,RE,1,1,1
Yellow-throated Warbler,RE04,RE,1,1,1
Acadian Flycatcher,RE05,RE,1,1,1
American Goldfinch,RE05,RE,1,1,1
American Robin,RE05,RE,1,1,1
Black-and-white Warbler,RE05,RE,1,1,1
Blue Grosbeak,RE05,RE,1,1,1
Blue Jay,RE05,RE,1,1,1
Blue-gray Gnatcatcher,RE05,RE,1,1,1
Brown Thrasher,RE05,RE,1,1,1
Brown-headed Cowbird,RE05,RE,1,1,1
Brown-headed Nuthatch,RE05,RE,0.3501666666666667,0,1
Carolina Chickadee,RE05,RE,1,1,1
Carolina Wren,RE05,RE,1,1,1
Chipping Sparrow,RE05,RE,1,1,1
Chuck-will's-widow,RE05,RE,1,1,1
Common Yellowthroat,RE05,RE,1,1,1
Downy Woodpecker,RE05,RE,1,1,1
Eastern Bluebird,RE05,RE,1,1,1
Eastern Kingbird,RE05,RE,1,1,1
Eastern Towhee,RE05,RE,1,1,1
Eastern Wood-Pewee,RE05,RE,1,1,1
Field Sparrow,RE05,RE,1,1,1
Gray Catbird,RE05,RE,1,1,1
Great Crested Flycatcher,RE05,RE,1,1,1
Hairy Woodpecker,RE05,RE,1,1,1
Hooded Warbler,RE05,RE,1,1,1
Indigo Bunting,RE05,RE,1,1,1
Mourning Dove,RE05,RE,1,1,1
Northern Bobwhite,RE05,RE,1,1,1
Northern Cardinal,RE05,RE,1,1,1
Northern Flicker,RE05,RE,1,1,1
Northern Mockingbird,RE05,RE,0.24733333333333332,0,1
Ovenbird,RE05,RE,1,1,1
Pileated Woodpecker,RE05,RE,1,1,1
Pine Warbler,RE05,RE,1,1,1
Prairie Warbler,RE05,RE,1,1,1
Red-bellied Woodpecker,RE05,RE,1,1,1
Red-eyed Vireo,RE05,RE,1,1,1
Ruby-throated Hummingbird,RE05,RE,1,1,1
Summer Tanager,RE05,RE,1,1,1
Tufted Titmouse,RE05,RE,1,1,1
White-breasted Nuthatch,RE05,RE,0.7386666666666667,0,1
White-eyed Vireo,RE05,RE,1,1,1
Wild Turkey,RE05,RE,1,1,1
Wood Thrush,RE05,RE,0.245,0,1
Yellow-billed Cuckoo,RE05,RE,0.3601666666666667,0,1
Yellow-breasted Chat,RE05,RE,1,1,1
Yellow-throated Warbler,RE05,RE,0.2851666666666667,0,1
Acadian Flycatcher,RE06,RE,1,1,1
American Goldfinch,RE06,RE,1,1,1
American Robin,RE06,RE,1,1,1
Black-and-white Warbler,RE06,RE,1,1,1
Blue Grosbeak,RE06,RE,1,1,1
Blue Jay,RE06,RE,1,1,1
Blue-gray Gnatcatcher,RE06,RE,1,1,1
Brown Thrasher,RE06,RE,1,1,1
Brown-headed Cowbird,RE06,RE,1,1,1
Brown-headed Nuthatch,RE06,RE,0.23016666666666666,0,1
Carolina Chickadee,RE06,RE,1,1,1
Carolina Wren,RE06,RE,1,1,1
Chipping Sparrow,RE06,RE,1,1,1
Chuck-will's-widow,RE06,RE,1,1,1
Common Yellowthroat,RE06,RE,1,1,1
Downy Woodpecker,RE06,RE,1,1,1
Eastern Bluebird,RE06,RE,1,1,1
Eastern Kingbird,RE06,RE,1,1,1
Eastern Towhee,RE06,RE,1,1,1
Eastern Wood-Pewee,RE06,RE,1,1,1
Field Sparrow,RE06,RE,1,1,1
Gray Catbird,RE06,RE,1,1,1
Great Crested Flycatcher,RE06,RE,1,1,1
Hairy Woodpecker,RE06,RE,1,1,1
Hooded Warbler,RE06,RE,1,1,1
Indigo Bunting,RE06,RE,1,1,1
Mourning Dove,RE06,RE,1,1,1
Northern Bobwhite,RE06,RE,1,1,1
Northern Cardinal,RE06,RE,1,1,1
Northern Flicker,RE06,RE,1,1,1
Northern Mockingbird,RE06,RE,0.17383333333333334,0,1
Ovenbird,RE06,RE,1,1,1
Pileated Woodpecker,RE06,RE,0.20783333333333334,0,1
Pine Warbler,RE06,RE,1,1,1
Prairie Warbler,RE06,RE,1,1,1
Red-bellied Woodpecker,RE06,RE,1,1,1
Red-eyed Vireo,RE06,RE,1,1,1
Ruby-throated Hummingbird,RE06,RE,1,1,1
Summer Tanager,RE06,RE,0.6931666666666667,0,1
Tufted Titmouse,RE06,RE,1,1,1
White-breasted Nuthatch,RE06,RE,0.6986666666666667,0,1
White-eyed Vireo,RE06,RE,1,1,1
Wild Turkey,RE06,RE,1,1,1
Wood Thrush,RE06,RE,0.011166666666666667,0,0
Yellow-billed Cuckoo,RE06,RE,1,1,1
Yellow-breasted Chat,RE06,RE,1,1,1
Yellow-throated Warbler,RE06,RE,0.24633333333333332,0,1
Acadian Flycatcher,RE07,RE,1,1,1
American Goldfinch,RE07,RE,1,1,1
American Robin,RE07,RE,1,1,1
Black-and-white Warbler,RE07,RE,1,1,1
Blue Grosbeak,RE07,RE,1,1,1
Blue Jay,RE07,RE,1,1,1
Blue-gray Gnatcatcher,RE07,RE,1,1,1
Brown Thrasher,RE07,RE,1,1,1
Brown-headed Cowbird,RE07,RE,1,1,1
Brown-headed Nuthatch,RE07,RE,0.005333333333333333,0,0
Carolina Chickadee,RE07,RE,1,1,1
Carolina Wren,RE07,RE,1,1,1
Chipping Sparrow,RE07,RE,1,1,1
Chuck-will's-widow,RE07,RE,1,1,1
Common Yellowthroat,RE07,RE,1,1,1
Downy Woodpecker,RE07,RE,1,1,1
Eastern Bluebird,RE07,RE,1,1,1
Eastern Kingbird,RE07,RE,1,1,1
Eastern Towhee,RE07,RE,1,1,1
Eastern Wood-Pewee,RE07,RE,1,1,1
Field Sparrow,RE07,RE,1,1,1
Gray Catbird,RE07,RE,1,1,1
Great Crested Flycatcher,RE07,RE,1,1,1
Hairy Woodpecker,RE07,RE,1,1,1
Hooded Warbler,RE07,RE,1,1,1
Indigo Bunting,RE07,RE,0.09966666666666667,0,1
Mourning Dove,RE07,RE,1,1,1
Northern Bobwhite,RE07,RE,1,1,1
Northern Cardinal,RE07,RE,1,1,1
Northern Flicker,RE07,RE,1,1,1
Northern Mockingbird,RE07,RE,0.026833333333333334,0,1
Ovenbird,RE07,RE,1,1,1
Pileated Woodpecker,RE07,RE,1,1,1
Pine Warbler,RE07,RE,1,1,1
Prairie Warbler,RE07,RE,1,1,1
Red-bellied Woodpecker,RE07,RE,1,1,1
Red-eyed Vireo,RE07,RE,1,1,1
Ruby-throated Hummingbird,RE07,RE,1,1,1
Summer Tanager,RE07,RE,0.0585,0,1
Tufted Titmouse,RE07,RE,1,1,1
White-breasted Nuthatch,RE07,RE,0.5975,0,1
White-eyed Vireo,RE07,RE,1,1,1
Wild Turkey,RE07,RE,0.228,0,1
Wood Thrush,RE07,RE,1,1,1
Yellow-billed Cuckoo,RE07,RE,0.007333333333333333,0,0
Yellow-breasted Chat,RE07,RE,1,1,1
Yellow-throated Warbler,RE07,RE,1,1,1
Acadian Flycatcher,RE08,RE,1,1,1
American Goldfinch,RE08,RE,1,1,1
American Robin,RE08,RE,1,1,1
Black-and-white Warbler,RE08,RE,1,1,1
Blue Grosbeak,RE08,RE,1,1,1
Blue Jay,RE08,RE,1,1,1
Blue-gray Gnatcatcher,RE08,RE,1,1,1
Brown Thrasher,RE08,RE,1,1,1
Brown-headed Cowbird,RE08,RE,1,1,1
Brown-headed Nuthatch,RE08,RE,1,1,1
Carolina Chickadee,RE08,RE,1,1,1
Carolina Wren,RE08,RE,1,1,1
Chipping Sparrow,RE08,RE,1,1,1
Chuck-will's-widow,RE08,RE,1,1,1
Common Yellowthroat,RE08,RE,1,1,1
Downy Woodpecker,RE08,RE,1,1,1
Eastern Bluebird,RE08,RE,1,1,1
Eastern Kingbird,RE08,RE,1,1,1
Eastern Towhee,RE08,RE,1,1,1
Eastern Wood-Pewee,RE08,RE,1,1,1
Field Sparrow,RE08,RE,1,1,1
Gray Catbird,RE08,RE,1,1,1
Great Crested Flycatcher,RE08,RE,1,1,1
Hairy Woodpecker,RE08,RE,1,1,1
Hooded Warbler,RE08,RE,1,1,1
Indigo Bunting,RE08,RE,1,1,1
Mourning Dove,RE08,RE,1,1,1
Northern Bobwhite,RE08,RE,1,1,1
Northern Cardinal,RE08,RE,1,1,1
Northern Flicker,RE08,RE,1,1,1
Northern Mockingbird,RE08,RE,1,1,1
Ovenbird,RE08,RE,1,1,1
Pileated Woodpecker,RE08,RE,1,1,1
Pine Warbler,RE08,RE,1,1,1
Prairie Warbler,RE08,RE,1,1,1
Red-bellied Woodpecker,RE08,RE,1,1,1
Red-eyed Vireo,RE08,RE,1,1,1
Ruby-throated Hummingbird,RE08,RE,1,1,1
Summer Tanager,RE08,RE,1,1,1
Tufted Titmouse,RE08,RE,0.16566666666666666,0,1
White-breasted Nuthatch,RE08,RE,0.5855,0,1
White-eyed Vireo,RE08,RE,1,1,1
Wild Turkey,RE08,RE,1,1,1
Wood Thrush,RE08,RE,0,0,0
Yellow-billed Cuckoo,RE08,RE,1,1,1
Yellow-breasted Chat,RE08,RE,0.2806666666666667,0,1
Yellow-throated Warbler,RE08,RE,0.0011666666666666668,0,0
Acadian Flycatcher,RE09,RE,1,1,1
American Goldfinch,RE09,RE,1,1,1
American Robin,RE09,RE,1,1,1
Black-and-white Warbler,RE09,RE,1,1,1
Blue Grosbeak,RE09,RE,1,1,1
Blue Jay,RE09,RE,1,1,1
Blue-gray Gnatcatcher,RE09,RE,1,1,1
Brown Thrasher,RE09,RE,1,1,1
Brown-headed Cowbird,RE09,RE,1,1,1
Brown-headed Nuthatch,RE09,RE,1,1,1
Carolina Chickadee,RE09,RE,1,1,1
Carolina Wren,RE09,RE,1,1,1
Chipping Sparrow,RE09,RE,1,1,1
Chuck-will's-widow,RE09,RE,1,1,1
Common Yellowthroat,RE09,RE,1,1,1
Downy Woodpecker,RE09,RE,1,1,1
Eastern Bluebird,RE09,RE,1,1,1
Eastern Kingbird,RE09,RE,1,1,1
Eastern Towhee,RE09,RE,1,1,1
Eastern Wood-Pewee,RE09,RE,1,1,1
Field Sparrow,RE09,RE,1,1,1
Gray Catbird,RE09,RE,1,1,1
Great Crested Flycatcher,RE09,RE,1,1,1
Hairy Woodpecker,RE09,RE,1,1,1
Hooded Warbler,RE09,RE,1,1,1
Indigo Bunting,RE09,RE,1,1,1
Mourning Dove,RE09,RE,1,1,1
Northern Bobwhite,RE09,RE,1,1,1
Northern Cardinal,RE09,RE,1,1,1
Northern Flicker,RE09,RE,1,1,1
Northern Mockingbird,RE09,RE,0.056,0,1
Ovenbird,RE09,RE,1,1,1
Pileated Woodpecker,RE09,RE,1,1,1
Pine Warbler,RE09,RE,1,1,1
Prairie Warbler,RE09,RE,1,1,1
Red-bellied Woodpecker,RE09,RE,1,1,1
Red-eyed Vireo,RE09,RE,1,1,1
Ruby-throated Hummingbird,RE09,RE,1,1,1
Summer Tanager,RE09,RE,1,1,1
Tufted Titmouse,RE09,RE,1,1,1
White-breasted Nuthatch,RE09,RE,0.6301666666666667,0,1
White-eyed Vireo,RE09,RE,1,1,1
Wild Turkey,RE09,RE,1,1,1
Wood Thrush,RE09,RE,1,1,1
Yellow-billed Cuckoo,RE09,RE,0.006,0,0
Yellow-breasted Chat,RE09,RE,0.3893333333333333,0,1
Yellow-throated Warbler,RE09,RE,1,1,1
Acadian Flycatcher,TO01,TO,0.44516666666666665,0,1
American Goldfinch,TO01,TO,1,1,1
American Robin,TO01,TO,1,1,1
Black-and-white Warbler,TO01,TO,0.7391666666666666,0,1
Blue Grosbeak,TO01,TO,1,1,1
Blue Jay,TO01,TO,0.0645,0,1
Blue-gray Gnatcatcher,TO01,TO,1,1,1
Brown Thrasher,TO01,TO,1,1,1
Brown-headed Cowbird,TO01,TO,1,1,1
Brown-headed Nuthatch,TO01,TO,0.05216666666666667,0,1
Carolina Chickadee,TO01,TO,1,1,1
Carolina Wren,TO01,TO,1,1,1
Chipping Sparrow,TO01,TO,1,1,1
Chuck-will's-widow,TO01,TO,1,1,1
Common Yellowthroat,TO01,TO,1,1,1
Downy Woodpecker,TO01,TO,1,1,1
Eastern Bluebird,TO01,TO,1,1,1
Eastern Kingbird,TO01,TO,1,1,1
Eastern Towhee,TO01,TO,1,1,1
Eastern Wood-Pewee,TO01,TO,1,1,1
Field Sparrow,TO01,TO,1,1,1
Gray Catbird,TO01,TO,1,1,1
Great Crested Flycatcher,TO01,TO,1,1,1
Hairy Woodpecker,TO01,TO,1,1,1
Hooded Warbler,TO01,TO,0.004333333333333333,0,0
Indigo Bunting,TO01,TO,0.40016666666666667,0,1
Mourning Dove,TO01,TO,1,1,1
Northern Bobwhite,TO01,TO,1,1,1
Northern Cardinal,TO01,TO,1,1,1
Northern Flicker,TO01,TO,1,1,1
Northern Mockingbird,TO01,TO,0.15666666666666668,0,1
Ovenbird,TO01,TO,1,1,1
Pileated Woodpecker,TO01,TO,0.036833333333333336,0,1
Pine Warbler,TO01,TO,1,1,1
Prairie Warbler,TO01,TO,1,1,1
Red-bellied Woodpecker,TO01,TO,1,1,1
Red-eyed Vireo,TO01,TO,1,1,1
Ruby-throated Hummingbird,TO01,TO,1,1,1
Summer Tanager,TO01,TO,0.36933333333333335,0,1
Tufted Titmouse,TO01,TO,1,1,1
White-breasted Nuthatch,TO01,TO,0.33116666666666666,0,1
White-eyed Vireo,TO01,TO,0.0115,0,0
Wild Turkey,TO01,TO,0.155,0,1
Wood Thrush,TO01,TO,0.0013333333333333333,0,0
Yellow-billed Cuckoo,TO01,TO,0.02,0,0
Yellow-breasted Chat,TO01,TO,0.23866666666666667,0,1
Yellow-throated Warbler,TO01,TO,1,1,1
Acadian Flycatcher,TO02,TO,1,1,1
American Goldfinch,TO02,TO,1,1,1
American Robin,TO02,TO,1,1,1
Black-and-white Warbler,TO02,TO,1,1,1
Blue Grosbeak,TO02,TO,1,1,1
Blue Jay,TO02,TO,1,1,1
Blue-gray Gnatcatcher,TO02,TO,1,1,1
Brown Thrasher,TO02,TO,1,1,1
Brown-headed Cowbird,TO02,TO,1,1,1
Brown-headed Nuthatch,TO02,TO,0.0015,0,0
Carolina Chickadee,TO02,TO,1,1,1
Carolina Wren,TO02,TO,1,1,1
Chipping Sparrow,TO02,TO,1,1,1
Chuck-will's-widow,TO02,TO,1,1,1
Common Yellowthroat,TO02,TO,1,1,1
Downy Woodpecker,TO02,TO,1,1,1
Eastern Bluebird,TO02,TO,1,1,1
Eastern Kingbird,TO02,TO,0.2866666666666667,0,1
Eastern Towhee,TO02,TO,1,1,1
Eastern Wood-Pewee,TO02,TO,1,1,1
Field Sparrow,TO02,TO,1,1,1
Gray Catbird,TO02,TO,0,0,0
Great Crested Flycatcher,TO02,TO,1,1,1
Hairy Woodpecker,TO02,TO,1,1,1
Hooded Warbler,TO02,TO,1,1,1
Indigo Bunting,TO02,TO,0.13466666666666666,0,1
Mourning Dove,TO02,TO,1,1,1
Northern Bobwhite,TO02,TO,1,1,1
Northern Cardinal,TO02,TO,1,1,1
Northern Flicker,TO02,TO,1,1,1
Northern Mockingbird,TO02,TO,0.036166666666666666,0,1
Ovenbird,TO02,TO,1,1,1
Pileated Woodpecker,TO02,TO,1,1,1
Pine Warbler,TO02,TO,1,1,1
Prairie Warbler,TO02,TO,1,1,1
Red-bellied Woodpecker,TO02,TO,0.09633333333333334,0,1
Red-eyed Vireo,TO02,TO,5e-4,0,0
Ruby-throated Hummingbird,TO02,TO,1,1,1
Summer Tanager,TO02,TO,0.025833333333333333,0,1
Tufted Titmouse,TO02,TO,1,1,1
White-breasted Nuthatch,TO02,TO,0.2931666666666667,0,1
White-eyed Vireo,TO02,TO,0.0025,0,0
Wild Turkey,TO02,TO,0.014,0,0
Wood Thrush,TO02,TO,0,0,0
Yellow-billed Cuckoo,TO02,TO,0.0305,0,1
Yellow-breasted Chat,TO02,TO,1,1,1
Yellow-throated Warbler,TO02,TO,1,1,1
Acadian Flycatcher,TO03,TO,0.26,0,1
American Goldfinch,TO03,TO,1,1,1
American Robin,TO03,TO,1,1,1
Black-and-white Warbler,TO03,TO,1,1,1
Blue Grosbeak,TO03,TO,1,1,1
Blue Jay,TO03,TO,1,1,1
Blue-gray Gnatcatcher,TO03,TO,1,1,1
Brown Thrasher,TO03,TO,1,1,1
Brown-headed Cowbird,TO03,TO,1,1,1
Brown-headed Nuthatch,TO03,TO,1,1,1
Carolina Chickadee,TO03,TO,1,1,1
Carolina Wren,TO03,TO,1,1,1
Chipping Sparrow,TO03,TO,1,1,1
Chuck-will's-widow,TO03,TO,1,1,1
Common Yellowthroat,TO03,TO,1,1,1
Downy Woodpecker,TO03,TO,1,1,1
Eastern Bluebird,TO03,TO,1,1,1
Eastern Kingbird,TO03,TO,0.446,0,1
Eastern Towhee,TO03,TO,1,1,1
Eastern Wood-Pewee,TO03,TO,1,1,1
Field Sparrow,TO03,TO,1,1,1
Gray Catbird,TO03,TO,1,1,1
Great Crested Flycatcher,TO03,TO,1,1,1
Hairy Woodpecker,TO03,TO,1,1,1
Hooded Warbler,TO03,TO,1,1,1
Indigo Bunting,TO03,TO,1,1,1
Mourning Dove,TO03,TO,1,1,1
Northern Bobwhite,TO03,TO,1,1,1
Northern Cardinal,TO03,TO,1,1,1
Northern Flicker,TO03,TO,1,1,1
Northern Mockingbird,TO03,TO,0.07816666666666666,0,1
Ovenbird,TO03,TO,1,1,1
Pileated Woodpecker,TO03,TO,0.0023333333333333335,0,0
Pine Warbler,TO03,TO,1,1,1
Prairie Warbler,TO03,TO,1,1,1
Red-bellied Woodpecker,TO03,TO,1,1,1
Red-eyed Vireo,TO03,TO,1,1,1
Ruby-throated Hummingbird,TO03,TO,1,1,1
Summer Tanager,TO03,TO,1,1,1
Tufted Titmouse,TO03,TO,0.1665,0,1
White-breasted Nuthatch,TO03,TO,0.30666666666666664,0,1
White-eyed Vireo,TO03,TO,1,1,1
Wild Turkey,TO03,TO,0.050166666666666665,0,1
Wood Thrush,TO03,TO,1,1,1
Yellow-billed Cuckoo,TO03,TO,0.040666666666666663,0,1
Yellow-breasted Chat,TO03,TO,0.15166666666666667,0,1
Yellow-throated Warbler,TO03,TO,1,1,1
Acadian Flycatcher,TO04,TO,0.591,0,1
American Goldfinch,TO04,TO,1,1,1
American Robin,TO04,TO,1,1,1
Black-and-white Warbler,TO04,TO,1,1,1
Blue Grosbeak,TO04,TO,1,1,1
Blue Jay,TO04,TO,1,1,1
Blue-gray Gnatcatcher,TO04,TO,1,1,1
Brown Thrasher,TO04,TO,1,1,1
Brown-headed Cowbird,TO04,TO,1,1,1
Brown-headed Nuthatch,TO04,TO,0.13666666666666666,0,1
Carolina Chickadee,TO04,TO,1,1,1
Carolina Wren,TO04,TO,1,1,1
Chipping Sparrow,TO04,TO,1,1,1
Chuck-will's-widow,TO04,TO,1,1,1
Common Yellowthroat,TO04,TO,1,1,1
Downy Woodpecker,TO04,TO,1,1,1
Eastern Bluebird,TO04,TO,1,1,1
Eastern Kingbird,TO04,TO,0.5956666666666667,0,1
Eastern Towhee,TO04,TO,1,1,1
Eastern Wood-Pewee,TO04,TO,1,1,1
Field Sparrow,TO04,TO,1,1,1
Gray Catbird,TO04,TO,1,1,1
Great Crested Flycatcher,TO04,TO,1,1,1
Hairy Woodpecker,TO04,TO,1,1,1
Hooded Warbler,TO04,TO,1,1,1
Indigo Bunting,TO04,TO,0.525,0,1
Mourning Dove,TO04,TO,1,1,1
Northern Bobwhite,TO04,TO,1,1,1
Northern Cardinal,TO04,TO,1,1,1
Northern Flicker,TO04,TO,1,1,1
Northern Mockingbird,TO04,TO,1,1,1
Ovenbird,TO04,TO,1,1,1
Pileated Woodpecker,TO04,TO,0.22,0,1
Pine Warbler,TO04,TO,1,1,1
Prairie Warbler,TO04,TO,1,1,1
Red-bellied Woodpecker,TO04,TO,1,1,1
Red-eyed Vireo,TO04,TO,1,1,1
Ruby-throated Hummingbird,TO04,TO,1,1,1
Summer Tanager,TO04,TO,0.5518333333333333,0,1
Tufted Titmouse,TO04,TO,1,1,1
White-breasted Nuthatch,TO04,TO,0.35383333333333333,0,1
White-eyed Vireo,TO04,TO,1,1,1
Wild Turkey,TO04,TO,0.31116666666666665,0,1
Wood Thrush,TO04,TO,1,1,1
Yellow-billed Cuckoo,TO04,TO,0.16866666666666666,0,1
Yellow-breasted Chat,TO04,TO,1,1,1
Yellow-throated Warbler,TO04,TO,1,1,1
Acadian Flycatcher,TO05,TO,0.05416666666666667,0,1
American Goldfinch,TO05,TO,1,1,1
American Robin,TO05,TO,1,1,1
Black-and-white Warbler,TO05,TO,1,1,1
Blue Grosbeak,TO05,TO,1,1,1
Blue Jay,TO05,TO,1,1,1
Blue-gray Gnatcatcher,TO05,TO,1,1,1
Brown Thrasher,TO05,TO,1,1,1
Brown-headed Cowbird,TO05,TO,1,1,1
Brown-headed Nuthatch,TO05,TO,1,1,1
Carolina Chickadee,TO05,TO,1,1,1
Carolina Wren,TO05,TO,1,1,1
Chipping Sparrow,TO05,TO,1,1,1
Chuck-will's-widow,TO05,TO,1,1,1
Common Yellowthroat,TO05,TO,1,1,1
Downy Woodpecker,TO05,TO,1,1,1
Eastern Bluebird,TO05,TO,1,1,1
Eastern Kingbird,TO05,TO,1,1,1
Eastern Towhee,TO05,TO,1,1,1
Eastern Wood-Pewee,TO05,TO,1,1,1
Field Sparrow,TO05,TO,1,1,1
Gray Catbird,TO05,TO,1,1,1
Great Crested Flycatcher,TO05,TO,1,1,1
Hairy Woodpecker,TO05,TO,1,1,1
Hooded Warbler,TO05,TO,1,1,1
Indigo Bunting,TO05,TO,1,1,1
Mourning Dove,TO05,TO,1,1,1
Northern Bobwhite,TO05,TO,1,1,1
Northern Cardinal,TO05,TO,1,1,1
Northern Flicker,TO05,TO,1,1,1
Northern Mockingbird,TO05,TO,0.023,0,0
Ovenbird,TO05,TO,1,1,1
Pileated Woodpecker,TO05,TO,0,0,0
Pine Warbler,TO05,TO,1,1,1
Prairie Warbler,TO05,TO,1,1,1
Red-bellied Woodpecker,TO05,TO,0.026333333333333334,0,1
Red-eyed Vireo,TO05,TO,1,1,1
Ruby-throated Hummingbird,TO05,TO,1,1,1
Summer Tanager,TO05,TO,1,1,1
Tufted Titmouse,TO05,TO,1,1,1
White-breasted Nuthatch,TO05,TO,0.2791666666666667,0,1
White-eyed Vireo,TO05,TO,1,1,1
Wild Turkey,TO05,TO,0.0045,0,0
Wood Thrush,TO05,TO,1,1,1
Yellow-billed Cuckoo,TO05,TO,1,1,1
Yellow-breasted Chat,TO05,TO,0.0235,0,0
Yellow-throated Warbler,TO05,TO,1,1,1
Acadian Flycatcher,TO06,TO,0.34933333333333333,0,1
American Goldfinch,TO06,TO,1,1,1
American Robin,TO06,TO,1,1,1
Black-and-white Warbler,TO06,TO,1,1,1
Blue Grosbeak,TO06,TO,1,1,1
Blue Jay,TO06,TO,1,1,1
Blue-gray Gnatcatcher,TO06,TO,1,1,1
Brown Thrasher,TO06,TO,1,1,1
Brown-headed Cowbird,TO06,TO,1,1,1
Brown-headed Nuthatch,TO06,TO,0.043166666666666666,0,1
Carolina Chickadee,TO06,TO,1,1,1
Carolina Wren,TO06,TO,1,1,1
Chipping Sparrow,TO06,TO,1,1,1
Chuck-will's-widow,TO06,TO,1,1,1
Common Yellowthroat,TO06,TO,1,1,1
Downy Woodpecker,TO06,TO,1,1,1
Eastern Bluebird,TO06,TO,1,1,1
Eastern Kingbird,TO06,TO,0.5005,0,1
Eastern Towhee,TO06,TO,1,1,1
Eastern Wood-Pewee,TO06,TO,1,1,1
Field Sparrow,TO06,TO,1,1,1
Gray Catbird,TO06,TO,1,1,1
Great Crested Flycatcher,TO06,TO,1,1,1
Hairy Woodpecker,TO06,TO,1,1,1
Hooded Warbler,TO06,TO,1,1,1
Indigo Bunting,TO06,TO,1,1,1
Mourning Dove,TO06,TO,1,1,1
Northern Bobwhite,TO06,TO,1,1,1
Northern Cardinal,TO06,TO,1,1,1
Northern Flicker,TO06,TO,1,1,1
Northern Mockingbird,TO06,TO,0.094,0,1
Ovenbird,TO06,TO,1,1,1
Pileated Woodpecker,TO06,TO,0.007833333333333333,0,0
Pine Warbler,TO06,TO,1,1,1
Prairie Warbler,TO06,TO,1,1,1
Red-bellied Woodpecker,TO06,TO,0.3373333333333333,0,1
Red-eyed Vireo,TO06,TO,1,1,1
Ruby-throated Hummingbird,TO06,TO,1,1,1
Summer Tanager,TO06,TO,1,1,1
Tufted Titmouse,TO06,TO,0.1325,0,1
White-breasted Nuthatch,TO06,TO,0.30516666666666664,0,1
White-eyed Vireo,TO06,TO,1,1,1
Wild Turkey,TO06,TO,0.0785,0,1
Wood Thrush,TO06,TO,5e-4,0,0
Yellow-billed Cuckoo,TO06,TO,1,1,1
Yellow-breasted Chat,TO06,TO,0.18583333333333332,0,1
Yellow-throated Warbler,TO06,TO,1,1,1
Acadian Flycatcher,TO07,TO,1,1,1
American Goldfinch,TO07,TO,1,1,1
American Robin,TO07,TO,1,1,1
Black-and-white Warbler,TO07,TO,1,1,1
Blue Grosbeak,TO07,TO,1,1,1
Blue Jay,TO07,TO,0,0,0
Blue-gray Gnatcatcher,TO07,TO,1,1,1
Brown Thrasher,TO07,TO,1,1,1
Brown-headed Cowbird,TO07,TO,1,1,1
Brown-headed Nuthatch,TO07,TO,8.333333333333333e-4,0,0
Carolina Chickadee,TO07,TO,1,1,1
Carolina Wren,TO07,TO,1,1,1
Chipping Sparrow,TO07,TO,1,1,1
Chuck-will's-widow,TO07,TO,1,1,1
Common Yellowthroat,TO07,TO,1,1,1
Downy Woodpecker,TO07,TO,1,1,1
Eastern Bluebird,TO07,TO,1,1,1
Eastern Kingbird,TO07,TO,0.23316666666666666,0,1
Eastern Towhee,TO07,TO,1,1,1
Eastern Wood-Pewee,TO07,TO,1,1,1
Field Sparrow,TO07,TO,1,1,1
Gray Catbird,TO07,TO,0,0,0
Great Crested Flycatcher,TO07,TO,1,1,1
Hairy Woodpecker,TO07,TO,1,1,1
Hooded Warbler,TO07,TO,1,1,1
Indigo Bunting,TO07,TO,0.09166666666666666,0,1
Mourning Dove,TO07,TO,1,1,1
Northern Bobwhite,TO07,TO,1,1,1
Northern Cardinal,TO07,TO,1,1,1
Northern Flicker,TO07,TO,1,1,1
Northern Mockingbird,TO07,TO,0.028166666666666666,0,1
Ovenbird,TO07,TO,1,1,1
Pileated Woodpecker,TO07,TO,1,1,1
Pine Warbler,TO07,TO,1,1,1
Prairie Warbler,TO07,TO,1,1,1
Red-bellied Woodpecker,TO07,TO,1,1,1
Red-eyed Vireo,TO07,TO,1,1,1
Ruby-throated Hummingbird,TO07,TO,1,1,1
Summer Tanager,TO07,TO,0.017,0,0
Tufted Titmouse,TO07,TO,1,1,1
White-breasted Nuthatch,TO07,TO,0.2816666666666667,0,1
White-eyed Vireo,TO07,TO,1,1,1
Wild Turkey,TO07,TO,0.007833333333333333,0,0
Wood Thrush,TO07,TO,0,0,0
Yellow-billed Cuckoo,TO07,TO,1,1,1
Yellow-breasted Chat,TO07,TO,1,1,1
Yellow-throated Warbler,TO07,TO,1,1,1
Acadian Flycatcher,TO08,TO,0.2633333333333333,0,1
American Goldfinch,TO08,TO,1,1,1
American Robin,TO08,TO,1,1,1
Black-and-white Warbler,TO08,TO,1,1,1
Blue Grosbeak,TO08,TO,1,1,1
Blue Jay,TO08,TO,0,0,0
Blue-gray Gnatcatcher,TO08,TO,1,1,1
Brown Thrasher,TO08,TO,1,1,1
Brown-headed Cowbird,TO08,TO,1,1,1
Brown-headed Nuthatch,TO08,TO,0.015666666666666666,0,0
Carolina Chickadee,TO08,TO,1,1,1
Carolina Wren,TO08,TO,1,1,1
Chipping Sparrow,TO08,TO,1,1,1
Chuck-will's-widow,TO08,TO,1,1,1
Common Yellowthroat,TO08,TO,1,1,1
Downy Woodpecker,TO08,TO,1,1,1
Eastern Bluebird,TO08,TO,1,1,1
Eastern Kingbird,TO08,TO,0.4216666666666667,0,1
Eastern Towhee,TO08,TO,1,1,1
Eastern Wood-Pewee,TO08,TO,1,1,1
Field Sparrow,TO08,TO,1,1,1
Gray Catbird,TO08,TO,1,1,1
Great Crested Flycatcher,TO08,TO,1,1,1
Hairy Woodpecker,TO08,TO,1,1,1
Hooded Warbler,TO08,TO,1,1,1
Indigo Bunting,TO08,TO,0.2605,0,1
Mourning Dove,TO08,TO,1,1,1
Northern Bobwhite,TO08,TO,1,1,1
Northern Cardinal,TO08,TO,1,1,1
Northern Flicker,TO08,TO,1,1,1
Northern Mockingbird,TO08,TO,0.07366666666666667,0,1
Ovenbird,TO08,TO,1,1,1
Pileated Woodpecker,TO08,TO,0.0018333333333333333,0,0
Pine Warbler,TO08,TO,1,1,1
Prairie Warbler,TO08,TO,1,1,1
Red-bellied Woodpecker,TO08,TO,1,1,1
Red-eyed Vireo,TO08,TO,1,1,1
Ruby-throated Hummingbird,TO08,TO,1,1,1
Summer Tanager,TO08,TO,1,1,1
Tufted Titmouse,TO08,TO,0.0995,0,1
White-breasted Nuthatch,TO08,TO,0.3055,0,1
White-eyed Vireo,TO08,TO,0.0021666666666666666,0,0
Wild Turkey,TO08,TO,0.06216666666666667,0,1
Wood Thrush,TO08,TO,0,0,0
Yellow-billed Cuckoo,TO08,TO,0.0145,0,0
Yellow-breasted Chat,TO08,TO,0.131,0,1
Yellow-throated Warbler,TO08,TO,1,1,1
Acadian Flycatcher,TO09,TO,1,1,1
American Goldfinch,TO09,TO,1,1,1
American Robin,TO09,TO,1,1,1
Black-and-white Warbler,TO09,TO,1,1,1
Blue Grosbeak,TO09,TO,1,1,1
Blue Jay,TO09,TO,1,1,1
Blue-gray Gnatcatcher,TO09,TO,1,1,1
Brown Thrasher,TO09,TO,1,1,1
Brown-headed Cowbird,TO09,TO,1,1,1
Brown-headed Nuthatch,TO09,TO,0.005333333333333333,0,0
Carolina Chickadee,TO09,TO,1,1,1
Carolina Wren,TO09,TO,1,1,1
Chipping Sparrow,TO09,TO,1,1,1
Chuck-will's-widow,TO09,TO,1,1,1
Common Yellowthroat,TO09,TO,1,1,1
Downy Woodpecker,TO09,TO,1,1,1
Eastern Bluebird,TO09,TO,1,1,1
Eastern Kingbird,TO09,TO,1,1,1
Eastern Towhee,TO09,TO,1,1,1
Eastern Wood-Pewee,TO09,TO,1,1,1
Field Sparrow,TO09,TO,1,1,1
Gray Catbird,TO09,TO,0,0,0
Great Crested Flycatcher,TO09,TO,1,1,1
Hairy Woodpecker,TO09,TO,1,1,1
Hooded Warbler,TO09,TO,1,1,1
Indigo Bunting,TO09,TO,0.15666666666666668,0,1
Mourning Dove,TO09,TO,1,1,1
Northern Bobwhite,TO09,TO,1,1,1
Northern Cardinal,TO09,TO,1,1,1
Northern Flicker,TO09,TO,1,1,1
Northern Mockingbird,TO09,TO,0.048666666666666664,0,1
Ovenbird,TO09,TO,1,1,1
Pileated Woodpecker,TO09,TO,1,1,1
Pine Warbler,TO09,TO,1,1,1
Prairie Warbler,TO09,TO,1,1,1
Red-bellied Woodpecker,TO09,TO,0.07683333333333334,0,1
Red-eyed Vireo,TO09,TO,1,1,1
Ruby-throated Hummingbird,TO09,TO,1,1,1
Summer Tanager,TO09,TO,0.0545,0,1
Tufted Titmouse,TO09,TO,0.0565,0,1
White-breasted Nuthatch,TO09,TO,0.3011666666666667,0,1
White-eyed Vireo,TO09,TO,1,1,1
Wild Turkey,TO09,TO,0.028,0,1
Wood Thrush,TO09,TO,0,0,0
Yellow-billed Cuckoo,TO09,TO,0.0045,0,0
Yellow-breasted Chat,TO09,TO,1,1,1
Yellow-throated Warbler,TO09,TO,1,1,1
Acadian Flycatcher,TO10,TO,1,1,1
American Goldfinch,TO10,TO,1,1,1
American Robin,TO10,TO,1,1,1
Black-and-white Warbler,TO10,TO,1,1,1
Blue Grosbeak,TO10,TO,1,1,1
Blue Jay,TO10,TO,1,1,1
Blue-gray Gnatcatcher,TO10,TO,1,1,1
Brown Thrasher,TO10,TO,1,1,1
Brown-headed Cowbird,TO10,TO,1,1,1
Brown-headed Nuthatch,TO10,TO,6.666666666666666e-4,0,0
Carolina Chickadee,TO10,TO,1,1,1
Carolina Wren,TO10,TO,1,1,1
Chipping Sparrow,TO10,TO,1,1,1
Chuck-will's-widow,TO10,TO,1,1,1
Common Yellowthroat,TO10,TO,1,1,1
Downy Woodpecker,TO10,TO,1,1,1
Eastern Bluebird,TO10,TO,1,1,1
Eastern Kingbird,TO10,TO,1,1,1
Eastern Towhee,TO10,TO,1,1,1
Eastern Wood-Pewee,TO10,TO,1,1,1
Field Sparrow,TO10,TO,1,1,1
Gray Catbird,TO10,TO,1,1,1
Great Crested Flycatcher,TO10,TO,1,1,1
Hairy Woodpecker,TO10,TO,1,1,1
Hooded Warbler,TO10,TO,1,1,1
Indigo Bunting,TO10,TO,0.0865,0,1
Mourning Dove,TO10,TO,1,1,1
Northern Bobwhite,TO10,TO,1,1,1
Northern Cardinal,TO10,TO,1,1,1
Northern Flicker,TO10,TO,1,1,1
Northern Mockingbird,TO10,TO,0.023833333333333335,0,0
Ovenbird,TO10,TO,1,1,1
Pileated Woodpecker,TO10,TO,1,1,1
Pine Warbler,TO10,TO,1,1,1
Prairie Warbler,TO10,TO,1,1,1
Red-bellied Woodpecker,TO10,TO,1,1,1
Red-eyed Vireo,TO10,TO,1,1,1
Ruby-throated Hummingbird,TO10,TO,1,1,1
Summer Tanager,TO10,TO,0.009833333333333333,0,0
Tufted Titmouse,TO10,TO,0.033166666666666664,0,1
White-breasted Nuthatch,TO10,TO,0.288,0,1
White-eyed Vireo,TO10,TO,1,1,1
Wild Turkey,TO10,TO,0.006333333333333333,0,0
Wood Thrush,TO10,TO,0,0,0
Yellow-billed Cuckoo,TO10,TO,0.004333333333333333,0,0
Yellow-breasted Chat,TO10,TO,1,1,1
Yellow-throated Warbler,TO10,TO,1,1,1
Acadian Flycatcher,TO11,TO,1,1,1
American Goldfinch,TO11,TO,1,1,1
American Robin,TO11,TO,1,1,1
Black-and-white Warbler,TO11,TO,1,1,1
Blue Grosbeak,TO11,TO,1,1,1
Blue Jay,TO11,TO,1,1,1
Blue-gray Gnatcatcher,TO11,TO,1,1,1
Brown Thrasher,TO11,TO,1,1,1
Brown-headed Cowbird,TO11,TO,1,1,1
Brown-headed Nuthatch,TO11,TO,0.0011666666666666665,0,0
Carolina Chickadee,TO11,TO,1,1,1
Carolina Wren,TO11,TO,1,1,1
Chipping Sparrow,TO11,TO,1,1,1
Chuck-will's-widow,TO11,TO,1,1,1
Common Yellowthroat,TO11,TO,1,1,1
Downy Woodpecker,TO11,TO,1,1,1
Eastern Bluebird,TO11,TO,1,1,1
Eastern Kingbird,TO11,TO,1,1,1
Eastern Towhee,TO11,TO,1,1,1
Eastern Wood-Pewee,TO11,TO,1,1,1
Field Sparrow,TO11,TO,1,1,1
Gray Catbird,TO11,TO,1,1,1
Great Crested Flycatcher,TO11,TO,1,1,1
Hairy Woodpecker,TO11,TO,1,1,1
Hooded Warbler,TO11,TO,1,1,1
Indigo Bunting,TO11,TO,1,1,1
Mourning Dove,TO11,TO,1,1,1
Northern Bobwhite,TO11,TO,1,1,1
Northern Cardinal,TO11,TO,1,1,1
Northern Flicker,TO11,TO,1,1,1
Northern Mockingbird,TO11,TO,1,1,1
Ovenbird,TO11,TO,1,1,1
Pileated Woodpecker,TO11,TO,0,0,0
Pine Warbler,TO11,TO,1,1,1
Prairie Warbler,TO11,TO,1,1,1
Red-bellied Woodpecker,TO11,TO,1,1,1
Red-eyed Vireo,TO11,TO,1,1,1
Ruby-throated Hummingbird,TO11,TO,1,1,1
Summer Tanager,TO11,TO,1,1,1
Tufted Titmouse,TO11,TO,0.0325,0,1
White-breasted Nuthatch,TO11,TO,0.277,0,1
White-eyed Vireo,TO11,TO,0,0,0
Wild Turkey,TO11,TO,0.007666666666666666,0,0
Wood Thrush,TO11,TO,0,0,0
Yellow-billed Cuckoo,TO11,TO,1,1,1
Yellow-breasted Chat,TO11,TO,0.03333333333333333,0,1
Yellow-throated Warbler,TO11,TO,1,1,1
Acadian Flycatcher,TO12,TO,0.08183333333333333,0,1
American Goldfinch,TO12,TO,1,1,1
American Robin,TO12,TO,1,1,1
Black-and-white Warbler,TO12,TO,1,1,1
Blue Grosbeak,TO12,TO,1,1,1
Blue Jay,TO12,TO,1,1,1
Blue-gray Gnatcatcher,TO12,TO,1,1,1
Brown Thrasher,TO12,TO,1,1,1
Brown-headed Cowbird,TO12,TO,1,1,1
Brown-headed Nuthatch,TO12,TO,1,1,1
Carolina Chickadee,TO12,TO,1,1,1
Carolina Wren,TO12,TO,1,1,1
Chipping Sparrow,TO12,TO,1,1,1
Chuck-will's-widow,TO12,TO,1,1,1
Common Yellowthroat,TO12,TO,1,1,1
Downy Woodpecker,TO12,TO,1,1,1
Eastern Bluebird,TO12,TO,1,1,1
Eastern Kingbird,TO12,TO,1,1,1
Eastern Towhee,TO12,TO,1,1,1
Eastern Wood-Pewee,TO12,TO,1,1,1
Field Sparrow,TO12,TO,1,1,1
Gray Catbird,TO12,TO,1,1,1
Great Crested Flycatcher,TO12,TO,1,1,1
Hairy Woodpecker,TO12,TO,1,1,1
Hooded Warbler,TO12,TO,1,1,1
Indigo Bunting,TO12,TO,1,1,1
Mourning Dove,TO12,TO,1,1,1
Northern Bobwhite,TO12,TO,1,1,1
Northern Cardinal,TO12,TO,1,1,1
Northern Flicker,TO12,TO,1,1,1
Northern Mockingbird,TO12,TO,0.0265,0,1
Ovenbird,TO12,TO,1,1,1
Pileated Woodpecker,TO12,TO,1,1,1
Pine Warbler,TO12,TO,1,1,1
Prairie Warbler,TO12,TO,1,1,1
Red-bellied Woodpecker,TO12,TO,1,1,1
Red-eyed Vireo,TO12,TO,1,1,1
Ruby-throated Hummingbird,TO12,TO,1,1,1
Summer Tanager,TO12,TO,1,1,1
Tufted Titmouse,TO12,TO,1,1,1
White-breasted Nuthatch,TO12,TO,0.2831666666666667,0,1
White-eyed Vireo,TO12,TO,1,1,1
Wild Turkey,TO12,TO,0.007333333333333333,0,0
Wood Thrush,TO12,TO,1,1,1
Yellow-billed Cuckoo,TO12,TO,0.013333333333333334,0,0
Yellow-breasted Chat,TO12,TO,0.03766666666666667,0,1
Yellow-throated Warbler,TO12,TO,1,1,1
Acadian Flycatcher,TO13,TO,0.05216666666666667,0,1
American Goldfinch,TO13,TO,1,1,1
American Robin,TO13,TO,1,1,1
Black-and-white Warbler,TO13,TO,1,1,1
Blue Grosbeak,TO13,TO,1,1,1
Blue Jay,TO13,TO,1,1,1
Blue-gray Gnatcatcher,TO13,TO,1,1,1
Brown Thrasher,TO13,TO,1,1,1
Brown-headed Cowbird,TO13,TO,1,1,1
Brown-headed Nuthatch,TO13,TO,6.666666666666666e-4,0,0
Carolina Chickadee,TO13,TO,1,1,1
Carolina Wren,TO13,TO,1,1,1
Chipping Sparrow,TO13,TO,1,1,1
Chuck-will's-widow,TO13,TO,1,1,1
Common Yellowthroat,TO13,TO,1,1,1
Downy Woodpecker,TO13,TO,1,1,1
Eastern Bluebird,TO13,TO,1,1,1
Eastern Kingbird,TO13,TO,1,1,1
Eastern Towhee,TO13,TO,1,1,1
Eastern Wood-Pewee,TO13,TO,1,1,1
Field Sparrow,TO13,TO,1,1,1
Gray Catbird,TO13,TO,1,1,1
Great Crested Flycatcher,TO13,TO,1,1,1
Hairy Woodpecker,TO13,TO,1,1,1
Hooded Warbler,TO13,TO,1,1,1
Indigo Bunting,TO13,TO,1,1,1
Mourning Dove,TO13,TO,1,1,1
Northern Bobwhite,TO13,TO,1,1,1
Northern Cardinal,TO13,TO,1,1,1
Northern Flicker,TO13,TO,1,1,1
Northern Mockingbird,TO13,TO,0.019333333333333334,0,0
Ovenbird,TO13,TO,1,1,1
Pileated Woodpecker,TO13,TO,1,1,1
Pine Warbler,TO13,TO,1,1,1
Prairie Warbler,TO13,TO,1,1,1
Red-bellied Woodpecker,TO13,TO,1,1,1
Red-eyed Vireo,TO13,TO,1,1,1
Ruby-throated Hummingbird,TO13,TO,1,1,1
Summer Tanager,TO13,TO,1,1,1
Tufted Titmouse,TO13,TO,0.031166666666666665,0,1
White-breasted Nuthatch,TO13,TO,0.2826666666666667,0,1
White-eyed Vireo,TO13,TO,1,1,1
Wild Turkey,TO13,TO,0.006,0,0
Wood Thrush,TO13,TO,0,0,0
Yellow-billed Cuckoo,TO13,TO,1,1,1
Yellow-breasted Chat,TO13,TO,0.023666666666666666,0,0
Yellow-throated Warbler,TO13,TO,1,1,1
Acadian Flycatcher,TO14,TO,1,1,1
American Goldfinch,TO14,TO,1,1,1
American Robin,TO14,TO,1,1,1
Black-and-white Warbler,TO14,TO,1,1,1
Blue Grosbeak,TO14,TO,1,1,1
Blue Jay,TO14,TO,1,1,1
Blue-gray Gnatcatcher,TO14,TO,1,1,1
Brown Thrasher,TO14,TO,1,1,1
Brown-headed Cowbird,TO14,TO,1,1,1
Brown-headed Nuthatch,TO14,TO,0.03166666666666667,0,1
Carolina Chickadee,TO14,TO,1,1,1
Carolina Wren,TO14,TO,1,1,1
Chipping Sparrow,TO14,TO,1,1,1
Chuck-will's-widow,TO14,TO,1,1,1
Common Yellowthroat,TO14,TO,1,1,1
Downy Woodpecker,TO14,TO,1,1,1
Eastern Bluebird,TO14,TO,1,1,1
Eastern Kingbird,TO14,TO,0.481,0,1
Eastern Towhee,TO14,TO,1,1,1
Eastern Wood-Pewee,TO14,TO,1,1,1
Field Sparrow,TO14,TO,1,1,1
Gray Catbird,TO14,TO,1,1,1
Great Crested Flycatcher,TO14,TO,1,1,1
Hairy Woodpecker,TO14,TO,1,1,1
Hooded Warbler,TO14,TO,1,1,1
Indigo Bunting,TO14,TO,0.3243333333333333,0,1
Mourning Dove,TO14,TO,1,1,1
Northern Bobwhite,TO14,TO,1,1,1
Northern Cardinal,TO14,TO,1,1,1
Northern Flicker,TO14,TO,1,1,1
Northern Mockingbird,TO14,TO,0.08466666666666667,0,1
Ovenbird,TO14,TO,1,1,1
Pileated Woodpecker,TO14,TO,1,1,1
Pine Warbler,TO14,TO,1,1,1
Prairie Warbler,TO14,TO,1,1,1
Red-bellied Woodpecker,TO14,TO,1,1,1
Red-eyed Vireo,TO14,TO,1,1,1
Ruby-throated Hummingbird,TO14,TO,0.03916666666666667,0,1
Summer Tanager,TO14,TO,0.20516666666666666,0,1
Tufted Titmouse,TO14,TO,0.107,0,1
White-breasted Nuthatch,TO14,TO,0.313,0,1
White-eyed Vireo,TO14,TO,1,1,1
Wild Turkey,TO14,TO,0.06633333333333333,0,1
Wood Thrush,TO14,TO,3.333333333333333e-4,0,0
Yellow-billed Cuckoo,TO14,TO,1,1,1
Yellow-breasted Chat,TO14,TO,0.15316666666666667,0,1
Yellow-throated Warbler,TO14,TO,0.41,0,1
Acadian Flycatcher,TO15,TO,1,1,1
American Goldfinch,TO15,TO,1,1,1
American Robin,TO15,TO,1,1,1
Black-and-white Warbler,TO15,TO,1,1,1
Blue Grosbeak,TO15,TO,1,1,1
Blue Jay,TO15,TO,1,1,1
Blue-gray Gnatcatcher,TO15,TO,1,1,1
Brown Thrasher,TO15,TO,1,1,1
Brown-headed Cowbird,TO15,TO,1,1,1
Brown-headed Nuthatch,TO15,TO,0.0025,0,0
Carolina Chickadee,TO15,TO,1,1,1
Carolina Wren,TO15,TO,1,1,1
Chipping Sparrow,TO15,TO,1,1,1
Chuck-will's-widow,TO15,TO,1,1,1
Common Yellowthroat,TO15,TO,1,1,1
Downy Woodpecker,TO15,TO,1,1,1
Eastern Bluebird,TO15,TO,1,1,1
Eastern Kingbird,TO15,TO,0.26216666666666666,0,1
Eastern Towhee,TO15,TO,1,1,1
Eastern Wood-Pewee,TO15,TO,1,1,1
Field Sparrow,TO15,TO,1,1,1
Gray Catbird,TO15,TO,1,1,1
Great Crested Flycatcher,TO15,TO,1,1,1
Hairy Woodpecker,TO15,TO,1,1,1
Hooded Warbler,TO15,TO,1,1,1
Indigo Bunting,TO15,TO,1,1,1
Mourning Dove,TO15,TO,1,1,1
Northern Bobwhite,TO15,TO,1,1,1
Northern Cardinal,TO15,TO,1,1,1
Northern Flicker,TO15,TO,1,1,1
Northern Mockingbird,TO15,TO,0.035,0,1
Ovenbird,TO15,TO,1,1,1
Pileated Woodpecker,TO15,TO,1,1,1
Pine Warbler,TO15,TO,1,1,1
Prairie Warbler,TO15,TO,1,1,1
Red-bellied Woodpecker,TO15,TO,0.08816666666666667,0,1
Red-eyed Vireo,TO15,TO,1,1,1
Ruby-throated Hummingbird,TO15,TO,1,1,1
Summer Tanager,TO15,TO,0.023,0,0
Tufted Titmouse,TO15,TO,1,1,1
White-breasted Nuthatch,TO15,TO,0.298,0,1
White-eyed Vireo,TO15,TO,0.0045,0,0
Wild Turkey,TO15,TO,1,1,1
Wood Thrush,TO15,TO,0,0,0
Yellow-billed Cuckoo,TO15,TO,0.033,0,1
Yellow-breasted Chat,TO15,TO,0.08016666666666666,0,1
Yellow-throated Warbler,TO15,TO,1,1,1
Acadian Flycatcher,TO16,TO,0.2685,0,1
American Goldfinch,TO16,TO,1,1,1
American Robin,TO16,TO,1,1,1
Black-and-white Warbler,TO16,TO,1,1,1
Blue Grosbeak,TO16,TO,1,1,1
Blue Jay,TO16,TO,1,1,1
Blue-gray Gnatcatcher,TO16,TO,1,1,1
Brown Thrasher,TO16,TO,1,1,1
Brown-headed Cowbird,TO16,TO,1,1,1
Brown-headed Nuthatch,TO16,TO,0.010666666666666666,0,0
Carolina Chickadee,TO16,TO,1,1,1
Carolina Wren,TO16,TO,1,1,1
Chipping Sparrow,TO16,TO,1,1,1
Chuck-will's-widow,TO16,TO,1,1,1
Common Yellowthroat,TO16,TO,1,1,1
Downy Woodpecker,TO16,TO,1,1,1
Eastern Bluebird,TO16,TO,1,1,1
Eastern Kingbird,TO16,TO,1,1,1
Eastern Towhee,TO16,TO,1,1,1
Eastern Wood-Pewee,TO16,TO,1,1,1
Field Sparrow,TO16,TO,1,1,1
Gray Catbird,TO16,TO,1,1,1
Great Crested Flycatcher,TO16,TO,1,1,1
Hairy Woodpecker,TO16,TO,1,1,1
Hooded Warbler,TO16,TO,1,1,1
Indigo Bunting,TO16,TO,0.23833333333333334,0,1
Mourning Dove,TO16,TO,1,1,1
Northern Bobwhite,TO16,TO,1,1,1
Northern Cardinal,TO16,TO,1,1,1
Northern Flicker,TO16,TO,1,1,1
Northern Mockingbird,TO16,TO,1,1,1
Ovenbird,TO16,TO,1,1,1
Pileated Woodpecker,TO16,TO,1,1,1
Pine Warbler,TO16,TO,1,1,1
Prairie Warbler,TO16,TO,1,1,1
Red-bellied Woodpecker,TO16,TO,1,1,1
Red-eyed Vireo,TO16,TO,1,1,1
Ruby-throated Hummingbird,TO16,TO,1,1,1
Summer Tanager,TO16,TO,1,1,1
Tufted Titmouse,TO16,TO,0.05733333333333333,0,1
White-breasted Nuthatch,TO16,TO,0.3055,0,1
White-eyed Vireo,TO16,TO,1,1,1
Wild Turkey,TO16,TO,1,1,1
Wood Thrush,TO16,TO,0,0,0
Yellow-billed Cuckoo,TO16,TO,0.005166666666666667,0,0
Yellow-breasted Chat,TO16,TO,0.10216666666666667,0,1
Yellow-throated Warbler,TO16,TO,1,1,1
