"class","order","family","genus","species","common_name","full_code"
"Aves","Apodiformes","Trochilidae","Archilochus","colubris","Ruby-throated Hummingbird","Archilochus colubris_Ruby-throated Hummingbird"
"Aves","Caprimulgiformes","Caprimulgidae","Antrostomus","carolinensis","Chuck-will's-widow","Antrostomus carolinensis_Chuck-will's-widow"
"Aves","Caprimulgiformes","Caprimulgidae","Antrostomus","vociferus","Eastern Whip-poor-will","Antrostomus vociferus_Eastern Whip-poor-will"
"Aves","Charadriiformes","Charadriidae","Charadrius","vociferus","Killdeer","Charadrius vociferus_Killdeer"
"Aves","Columbiformes","Columbidae","Zenaida","macroura","Mourning Dove","Zenaida macroura_Mourning Dove"
"Aves","Cuculiformes","Cuculidae","Coccyzus","americanus","Yellow-billed Cuckoo","Coccyzus americanus_Yellow-billed Cuckoo"
"Aves","Galliformes","Odontophoridae","Colinus","virginianus","Northern Bobwhite","Colinus virginianus_Northern Bobwhite"
"Aves","Galliformes","Phasianidae","Meleagris","gallopavo","Wild Turkey","Meleagris gallopavo_Wild Turkey"
"Aves","Passeriformes","Cardinalidae","Cardinalis","cardinalis","Northern Cardinal","Cardinalis cardinalis_Northern Cardinal"
"Aves","Passeriformes","Cardinalidae","Passerina","caerulea","Blue Grosbeak","Passerina caerulea_Blue Grosbeak"
"Aves","Passeriformes","Cardinalidae","Passerina","cyanea","Indigo Bunting","Passerina cyanea_Indigo Bunting"
"Aves","Passeriformes","Cardinalidae","Piranga","olivacea","Scarlet Tanager","Piranga olivacea_Scarlet Tanager"
"Aves","Passeriformes","Cardinalidae","Piranga","rubra","Summer Tanager","Piranga rubra_Summer Tanager"
"Aves","Passeriformes","Corvidae","Corvus","brachyrhynchos","American Crow","Corvus brachyrhynchos_American Crow"
"Aves","Passeriformes","Corvidae","Corvus","ossifragus","Fish Crow","Corvus ossifragus_Fish Crow"
"Aves","Passeriformes","Corvidae","Cyanocitta","cristata","Blue Jay","Cyanocitta cristata_Blue Jay"
"Aves","Passeriformes","Fringillidae","Haemorhous","mexicanus","House Finch","Haemorhous mexicanus_House Finch"
"Aves","Passeriformes","Fringillidae","Spinus","tristis","American Goldfinch","Spinus tristis_American Goldfinch"
"Aves","Passeriformes","Icteridae","Agelaius","phoeniceus","Red-winged Blackbird","Agelaius phoeniceus_Red-winged Blackbird"
"Aves","Passeriformes","Icteridae","Icterus","spurius","Orchard Oriole","Icterus spurius_Orchard Oriole"
"Aves","Passeriformes","Icteridae","Molothrus","ater","Brown-headed Cowbird","Molothrus ater_Brown-headed Cowbird"
"Aves","Passeriformes","Icteridae","Sturnella","magna","Eastern Meadowlark","Sturnella magna_Eastern Meadowlark"
"Aves","Passeriformes","Mimidae","Dumetella","carolinensis","Gray Catbird","Dumetella carolinensis_Gray Catbird"
"Aves","Passeriformes","Mimidae","Mimus","polyglottos","Northern Mockingbird","Mimus polyglottos_Northern Mockingbird"
"Aves","Passeriformes","Mimidae","Toxostoma","rufum","Brown Thrasher","Toxostoma rufum_Brown Thrasher"
"Aves","Passeriformes","Paridae","Baeolophus","bicolor","Tufted Titmouse","Baeolophus bicolor_Tufted Titmouse"
"Aves","Passeriformes","Paridae","Poecile","carolinensis","Carolina Chickadee","Poecile carolinensis_Carolina Chickadee"
"Aves","Passeriformes","Parulidae","Geothlypis","trichas","Common Yellowthroat","Geothlypis trichas_Common Yellowthroat"
"Aves","Passeriformes","Parulidae","Icteria","virens","Yellow-breasted Chat","Icteria virens_Yellow-breasted Chat"
"Aves","Passeriformes","Parulidae","Limnothlypis","swainsonii","Swainson's Warbler","Limnothlypis swainsonii_Swainson's Warbler"
"Aves","Passeriformes","Parulidae","Mniotilta","varia","Black-and-white Warbler","Mniotilta varia_Black-and-white Warbler"
"Aves","Passeriformes","Parulidae","Parkesia","motacilla","Louisiana Waterthrush","Parkesia motacilla_Louisiana Waterthrush"
"Aves","Passeriformes","Parulidae","Protonotaria","citrea","Prothonotary Warbler","Protonotaria citrea_Prothonotary Warbler"
"Aves","Passeriformes","Parulidae","Seiurus","aurocapilla","Ovenbird","Seiurus aurocapilla_Ovenbird"
"Aves","Passeriformes","Parulidae","Setophaga","americana","Northern Parula","Setophaga americana_Northern Parula"
"Aves","Passeriformes","Parulidae","Setophaga","citrina","Hooded Warbler","Setophaga citrina_Hooded Warbler"
"Aves","Passeriformes","Parulidae","Setophaga","discolor","Prairie Warbler","Setophaga discolor_Prairie Warbler"
"Aves","Passeriformes","Parulidae","Setophaga","dominica","Yellow-throated Warbler","Setophaga dominica_Yellow-throated Warbler"
"Aves","Passeriformes","Parulidae","Setophaga","pinus","Pine Warbler","Setophaga pinus_Pine Warbler"
"Aves","Passeriformes","Passerellidae","Melospiza","georgiana","Swamp Sparrow","Melospiza georgiana_Swamp Sparrow"
"Aves","Passeriformes","Passerellidae","Melospiza","melodia","Song Sparrow","Melospiza melodia_Song Sparrow"
"Aves","Passeriformes","Passerellidae","Passerculus","sandwichensis","Savannah Sparrow","Passerculus sandwichensis_Savannah Sparrow"
"Aves","Passeriformes","Passerellidae","Pipilo","erythrophthalmus","Eastern Towhee","Pipilo erythrophthalmus_Eastern Towhee"
"Aves","Passeriformes","Passerellidae","Spizella","passerina","Chipping Sparrow","Spizella passerina_Chipping Sparrow"
"Aves","Passeriformes","Passerellidae","Spizella","pusilla","Field Sparrow","Spizella pusilla_Field Sparrow"
"Aves","Passeriformes","Passerellidae","Zonotrichia","albicollis","White-throated Sparrow","Zonotrichia albicollis_White-throated Sparrow"
"Aves","Passeriformes","Polioptilidae","Polioptila","caerulea","Blue-gray Gnatcatcher","Polioptila caerulea_Blue-gray Gnatcatcher"
"Aves","Passeriformes","Sittidae","Sitta","carolinensis","White-breasted Nuthatch","Sitta carolinensis_White-breasted Nuthatch"
"Aves","Passeriformes","Sittidae","Sitta","pusilla","Brown-headed Nuthatch","Sitta pusilla_Brown-headed Nuthatch"
"Aves","Passeriformes","Troglodytidae","Thryothorus","ludovicianus","Carolina Wren","Thryothorus ludovicianus_Carolina Wren"
"Aves","Passeriformes","Troglodytidae","Troglodytes","aedon","House Wren","Troglodytes aedon_House Wren"
"Aves","Passeriformes","Turdidae","Hylocichla","mustelina","Wood Thrush","Hylocichla mustelina_Wood Thrush"
"Aves","Passeriformes","Turdidae","Sialia","sialis","Eastern Bluebird","Sialia sialis_Eastern Bluebird"
"Aves","Passeriformes","Turdidae","Turdus","migratorius","American Robin","Turdus migratorius_American Robin"
"Aves","Passeriformes","Tyrannidae","Contopus","virens","Eastern Wood-Pewee","Contopus virens_Eastern Wood-Pewee"
"Aves","Passeriformes","Tyrannidae","Empidonax","virescens","Acadian Flycatcher","Empidonax virescens_Acadian Flycatcher"
"Aves","Passeriformes","Tyrannidae","Myiarchus","crinitus","Great Crested Flycatcher","Myiarchus crinitus_Great Crested Flycatcher"
"Aves","Passeriformes","Tyrannidae","Sayornis","phoebe","Eastern Phoebe","Sayornis phoebe_Eastern Phoebe"
"Aves","Passeriformes","Tyrannidae","Tyrannus","tyrannus","Eastern Kingbird","Tyrannus tyrannus_Eastern Kingbird"
"Aves","Passeriformes","Vireonidae","Vireo","flavifrons","Yellow-throated Vireo","Vireo flavifrons_Yellow-throated Vireo"
"Aves","Passeriformes","Vireonidae","Vireo","griseus","White-eyed Vireo","Vireo griseus_White-eyed Vireo"
"Aves","Passeriformes","Vireonidae","Vireo","olivaceus","Red-eyed Vireo","Vireo olivaceus_Red-eyed Vireo"
"Aves","Piciformes","Picidae","Colaptes","auratus","Northern Flicker","Colaptes auratus_Northern Flicker"
"Aves","Piciformes","Picidae","Dryobates","pubescens","Downy Woodpecker","Dryobates pubescens_Downy Woodpecker"
"Aves","Piciformes","Picidae","Dryobates","villosus","Hairy Woodpecker","Dryobates villosus_Hairy Woodpecker"
"Aves","Piciformes","Picidae","Dryocopus","pileatus","Pileated Woodpecker","Dryocopus pileatus_Pileated Woodpecker"
"Aves","Piciformes","Picidae","Melanerpes","carolinus","Red-bellied Woodpecker","Melanerpes carolinus_Red-bellied Woodpecker"
"Aves","Piciformes","Picidae","Melanerpes","erythrocephalus","Red-headed Woodpecker","Melanerpes erythrocephalus_Red-headed Woodpecker"
"Aves","Strigiformes","Strigidae","Strix","varia","Barred Owl","Strix varia_Barred Owl"
"Amphibia","Anura","Bufonidae","Anaxyrus","fowleri","Fowler's Toad","Anaxyrus fowleri_Fowler's Toad"
"Amphibia","Anura","Bufonidae","Anaxyrus","quercicus","Oak Toad","Anaxyrus quercicus_Oak Toad"
"Amphibia","Anura","Bufonidae","Anaxyrus","terrestris","Southern Toad","Anaxyrus terrestris_Southern Toad"
"Amphibia","Anura","Hylidae","Acris","gryllus","Southern Cricket Frog","Acris gryllus_Southern Cricket Frog"
"Amphibia","Anura","Hylidae","Dryophytes","chrysoscelis","Cope's Gray Treefrog","Dryophytes chrysoscelis_Cope's Gray Treefrog"
"Amphibia","Anura","Hylidae","Dryophytes","cinereus","Green Treefrog","Dryophytes cinereus_Green Treefrog"
"Amphibia","Anura","Hylidae","Dryophytes","femoralis","Pine Woods Treefrog","Dryophytes femoralis_Pine Woods Treefrog"
"Amphibia","Anura","Hylidae","Dryophytes","squirellus","Squirrel Treefrog","Dryophytes squirellus_Squirrel Treefrog"
"Amphibia","Anura","Hylidae","Dryophytes","versicolor","Gray Treefrog","Dryophytes versicolor_Gray Treefrog"
"Amphibia","Anura","Hylidae","Pseudacris","brimleyi","Brimley's Chorus Frog","Pseudacris brimleyi_Brimley's Chorus Frog"
"Amphibia","Anura","Hylidae","Pseudacris","crucifer","Spring Peeper","Pseudacris crucifer_Spring Peeper"
"Amphibia","Anura","Hylidae","Pseudacris","feriarum","Upland Chorus Frog","Pseudacris feriarum_Upland Chorus Frog"
"Amphibia","Anura","Hylidae","Pseudacris","ocularis","Little Grass Frog","Pseudacris ocularis_Little Grass Frog"
"Amphibia","Anura","Microhylidae","Gastrophryne","carolinensis","Eastern Narrow-mouthed Toad","Gastrophryne carolinensis_Eastern Narrow-mouthed Toad"
"Amphibia","Anura","Ranidae","Lithobates","catesbeianus","American Bullfrog","Lithobates catesbeianus_American Bullfrog"
"Amphibia","Anura","Ranidae","Lithobates","clamitans","Green Frog","Lithobates clamitans_Green Frog"
"Amphibia","Anura","Ranidae","Lithobates","palustris","Pickerel Frog","Lithobates palustris_Pickerel Frog"
"Mammalia","Carnivora","Canidae","Canus","lupis","Dog","Dog_Dog"
"Anthropogenic","Anthropogenic","Anthropogenic","Anthropogenic","Anthropogenic","Engine","Engine_Engine"
"Anthropogenic","Anthropogenic","Anthropogenic","Anthropogenic","Anthropogenic","Gun","Gun_Gun"
"Anthropogenic","Anthropogenic","Anthropogenic","Anthropogenic","Anthropogenic","Human non-vocal","Human non-vocal_Human non-vocal"
"Anthropogenic","Anthropogenic","Anthropogenic","Anthropogenic","Anthropogenic","Human vocal","Human vocal_Human vocal"
"Anthropogenic","Anthropogenic","Anthropogenic","Anthropogenic","Anthropogenic","Power tools","Power tools_Power tools"
